"ID","SITE_ID","STAFF_ID","TASK_DATE","IN_TIME","OUT_TIME","COUNT","OT_TYPE","INVOICE_PRICE","TASK_DESCRIPTION","TARGET","PAY_UNIT_PRICE","CREATED_AT","UPDATED_AT"
1088,102,166,"2026-04-09","07:43","19:16",0,"time_based",2362.5,"Staff outsourcing Per Person			",0,0,"2026-04-10 09:34:23","2026-04-10 09:34:23"
1089,36,99,"2026-04-09","","",886,"target_based",3.25,"Document Scanning A4 Size 			",0,0,"2026-04-10 09:45:04","2026-04-10 09:45:04"
1090,36,99,"2026-04-09","","",77,"target_based",1,"Indexing Charges for additional fields			",0,0,"2026-04-10 09:45:25","2026-04-10 09:45:25"
1091,36,100,"2026-04-09","","",603,"target_based",3.25,"Document Scanning A4 Size 			",0,0,"2026-04-10 09:45:45","2026-04-10 09:45:45"
1092,36,100,"2026-04-09","","",54,"target_based",1,"Indexing Charges for additional fields			",0,0,"2026-04-10 09:45:59","2026-04-10 09:45:59"
1093,6,76,"2026-04-09","","",774,"target_based",2.74,"""Scanning and indexing service for Leasing Applications – A4 & Below Indexes: Facility Number Output :200dpi / B&W/ PDF""				",0,0,"2026-04-10 13:11:13","2026-04-10 13:11:13"
1094,6,76,"2026-04-09","","",70,"target_based",0,"File",0,0,"2026-04-10 13:11:24","2026-04-10 13:11:24"
1095,6,106,"2026-04-09","","",716,"target_based",2.74,"""Scanning and indexing service for Leasing Applications – A4 & Below Indexes: Facility Number Output :200dpi / B&W/ PDF""				",0,0,"2026-04-10 13:11:37","2026-04-10 13:11:37"
1096,6,106,"2026-04-09","","",64,"target_based",0,"File",0,0,"2026-04-10 13:11:48","2026-04-10 13:11:48"
1097,6,107,"2026-04-09","","",689,"target_based",2.74,"""Scanning and indexing service for Leasing Applications – A4 & Below Indexes: Facility Number Output :200dpi / B&W/ PDF""				",0,0,"2026-04-10 13:12:08","2026-04-10 13:12:08"
1098,6,107,"2026-04-09","","",67,"target_based",0,"File",0,0,"2026-04-10 13:12:21","2026-04-10 13:12:21"
1099,6,108,"2026-04-09","","",656,"target_based",2.74,"""Scanning and indexing service for Leasing Applications – A4 & Below Indexes: Facility Number Output :200dpi / B&W/ PDF""				",0,0,"2026-04-10 13:12:44","2026-04-10 13:12:44"
1100,6,108,"2026-04-09","","",60,"target_based",0,"File",0,0,"2026-04-10 13:12:55","2026-04-10 13:12:55"
1101,83,162,"2026-04-09","","",1457,"target_based",3.75,"Scanning",0,0,"2026-04-10 13:14:10","2026-04-10 13:14:10"
1102,83,162,"2026-04-09","","",17,"target_based",0,"File",0,0,"2026-04-10 13:14:22","2026-04-10 13:14:22"
1103,83,136,"2026-04-09","","",3096,"target_based",3.75,"Scanning",0,0,"2026-04-10 13:17:14","2026-04-10 13:17:14"
1104,83,136,"2026-04-09","","",41,"target_based",0,"File",0,0,"2026-04-10 13:17:27","2026-04-10 13:17:27"
1107,83,184,"2026-04-09","","",1034,"target_based",3.75,"Scanning",0,0,"2026-04-10 13:22:09","2026-04-10 13:22:09"
1108,83,184,"2026-04-09","","",12,"target_based",0,"File",0,0,"2026-04-10 13:22:19","2026-04-10 13:22:19"
1109,7,18,"2026-04-09","06:15","17:30",1023,"time_based",2.5,"MATHURITY A4 Images single side				",0,0,"2026-04-10 13:23:43","2026-04-10 13:23:43"
1110,7,19,"2026-04-09","08:00","18:24",1038,"time_based",2.5,"AROGYA A4 Images single side				",0,0,"2026-04-10 13:24:47","2026-04-10 13:24:47"
1111,7,20,"2026-04-09","07:30","17:30",662,"time_based",2.5,"LIFE A4  Images single side				",0,0,"2026-04-10 13:25:31","2026-04-10 13:25:31"
1112,7,21,"2026-04-09","07:30","17:30",887,"time_based",2.5,"LIFE A4  Images single side				",0,0,"2026-04-10 13:26:08","2026-04-10 13:26:08"
1113,7,125,"2026-04-09","08:00","18:00",1005,"time_based",2.5,"MATHURITY A4 Images single side				",0,0,"2026-04-10 13:27:08","2026-04-10 13:27:08"
1114,15,43,"2026-04-09","","",111,"target_based",3.25,"BILLING CARDS",0,0,"2026-04-10 13:27:46","2026-04-10 13:27:46"
1115,15,43,"2026-04-09","","",162,"target_based",3.23,"ENDOSCOPIES",0,0,"2026-04-10 13:27:56","2026-04-10 13:27:56"
1116,27,86,"2026-04-09","","",26,"target_based",2.9,"DOCUMENT SCANNING A4",0,0,"2026-04-10 13:29:15","2026-04-10 13:29:15"
1117,27,86,"2026-04-09","","",889,"target_based",0,"UPLODING ",0,0,"2026-04-10 13:29:33","2026-04-10 13:29:33"
1118,27,83,"2026-04-09","","",1110,"target_based",0,"UPLODING ",0,0,"2026-04-10 13:29:59","2026-04-10 13:29:59"
1119,27,85,"2026-04-09","","",1258,"target_based",2.9,"DOCUMENT SCANNING A4",0,0,"2026-04-10 13:30:26","2026-04-10 13:30:26"
1120,25,127,"2026-04-07","","",570,"target_based",4.5,"Converting Physical Documents to digital Images using book scanner (Bounded documents and A3 size)			",0,0,"2026-04-10 13:36:08","2026-04-23 10:32:57"
1121,25,127,"2026-04-08","","",410,"target_based",4.5,"Converting Physical Documents to digital Images using book scanner (Bounded documents and A3 size)			",0,0,"2026-04-10 13:36:23","2026-04-23 10:33:10"
1122,11,27,"2026-04-10","08:27","17:02",0,"time_based",0.8,"1.2 VERIFICATION OF CONTRIBUTION AMOUNT",0,0,"2026-04-10 15:46:26","2026-04-10 15:46:26"
1123,11,28,"2026-04-10","08:15","17:01",0,"time_based",0.8,"1.2 VERIFICATION OF CONTRIBUTION AMOUNT",0,0,"2026-04-10 15:47:05","2026-04-10 15:47:05"
1124,11,29,"2026-04-10","08:27","17:02",0,"time_based",1.65,"2.1 DATA ENTRY WITH VERIFICATION OF PAYMENT YEAR AND MONTH",0,0,"2026-04-10 15:47:45","2026-04-10 15:47:45"
1125,11,30,"2026-04-10","08:35","17:03",0,"time_based",1.65,"2.1 DATA ENTRY WITH VERIFICATION OF PAYMENT YEAR AND MONTH",0,0,"2026-04-10 15:48:20","2026-04-10 15:48:20"
1126,11,47,"2026-04-10","09:00","20:30",0,"time_based",1.65,"2.1 DATA ENTRY WITH VERIFICATION OF PAYMENT YEAR AND MONTH",0,0,"2026-04-10 15:49:31","2026-04-10 15:49:31"
1132,14,39,"2026-04-09","","",130,"target_based",10,"MIRO Updating ",0,0,"2026-04-10 15:53:44","2026-04-10 15:53:44"
1133,14,40,"2026-04-09","","",162,"target_based",10,"MIRO Updating ",0,0,"2026-04-10 15:53:59","2026-04-10 15:53:59"
1134,14,41,"2026-04-09","","",76,"target_based",10,"MIRO Updating ",0,0,"2026-04-10 15:54:13","2026-04-10 15:54:13"
1135,14,42,"2026-04-09","","",111,"target_based",5.5,"Scaning						",0,0,"2026-04-10 15:54:29","2026-04-10 15:54:29"
1136,14,42,"2026-04-09","","",20,"target_based",2.5,"Scanning of GRN Lists 			",0,0,"2026-04-10 15:54:44","2026-04-10 15:54:44"
1137,14,161,"2026-04-09","","",111,"target_based",0,"Preparation",0,0,"2026-04-10 15:54:58","2026-04-10 15:54:58"
1138,30,89,"2026-04-10","08:30","17:00",0,"time_based",2,"Singhagiri Agreements Checking, NIC Number and data entry to excel report 				 				",0,0,"2026-04-10 16:27:07","2026-04-10 16:27:07"
1139,83,184,"2026-04-08","","",608,"target_based",3.75,"Scanning",0,0,"2026-04-10 16:38:23","2026-04-10 16:38:23"
1140,83,184,"2026-04-08","","",6,"target_based",0,"File",0,0,"2026-04-10 16:38:32","2026-04-10 16:38:32"
1141,27,83,"2026-04-10","","",511,"target_based",0,"UPLODING ",0,0,"2026-04-10 16:41:07","2026-04-10 16:41:07"
1142,27,86,"2026-04-10","","",948,"target_based",0,"UPLODING ",0,0,"2026-04-10 16:41:38","2026-04-10 16:41:38"
1143,27,85,"2026-04-10","","",907,"target_based",2.9,"DOCUMENT SCANNING A4",0,0,"2026-04-10 16:41:59","2026-04-10 16:41:59"
1144,27,84,"2026-04-10","","",1010,"target_based",2.9,"DOCUMENT SCANNING A4",0,0,"2026-04-10 16:42:30","2026-04-10 16:42:30"
1145,83,184,"2026-04-10","","",504,"target_based",3.75,"Scanning",0,0,"2026-04-10 16:43:26","2026-04-10 16:43:26"
1146,83,184,"2026-04-10","","",6,"target_based",0,"File",0,0,"2026-04-10 16:43:40","2026-04-10 16:43:40"
1147,83,162,"2026-04-10","","",573,"target_based",3.75,"Scanning",0,0,"2026-04-10 16:44:28","2026-04-10 16:44:28"
1148,83,162,"2026-04-10","","",9,"target_based",0,"File",0,0,"2026-04-10 16:44:39","2026-04-10 16:44:39"
1149,33,92,"2026-04-10","","",3181,"target_based",2.4,"Document scanning and digitizing 				",0,0,"2026-04-10 16:47:51","2026-04-10 16:47:51"
1150,14,39,"2026-04-10","","",151,"target_based",10,"MIRO Updating ",0,0,"2026-04-10 16:54:47","2026-04-10 16:54:47"
1151,14,40,"2026-04-10","","",232,"target_based",10,"MIRO Updating ",0,0,"2026-04-10 16:55:00","2026-04-10 16:55:00"
1152,14,41,"2026-04-10","","",106,"target_based",10,"MIRO Updating ",0,0,"2026-04-10 16:55:18","2026-04-10 16:55:18"
1153,14,42,"2026-04-10","","",369,"target_based",5.5,"Scaning						",0,0,"2026-04-10 16:55:29","2026-04-10 16:55:29"
1154,14,161,"2026-04-10","","",495,"target_based",10,"MIRO Updating ",0,0,"2026-04-10 16:55:43","2026-04-10 16:55:43"
1155,14,163,"2026-04-10","","",145,"target_based",10,"MIRO Updating ",0,0,"2026-04-10 16:56:07","2026-04-10 16:56:07"
1156,33,77,"2026-04-10","","",2224,"target_based",2.4,"Document scanning and digitizing 				",0,0,"2026-04-10 17:01:10","2026-04-10 17:01:10"
1157,20,61,"2026-04-10","","",621,"target_based",2.4,"SCANNING 			",0,0,"2026-04-10 17:04:18","2026-04-10 17:04:18"
1158,20,110,"2026-04-10","","",446,"target_based",2.4,"SCANNING 			",0,0,"2026-04-10 17:04:36","2026-04-10 17:04:36"
1159,32,16,"2026-04-10","","",794,"target_based",10,"SCM3 Verification agreements count - Physical                              				",0,0,"2026-04-10 17:09:00","2026-04-10 17:09:00"
1160,32,90,"2026-04-10","","",810,"target_based",10,"SCM3 Verification agreements count - Physical                              				",0,0,"2026-04-10 17:09:29","2026-04-10 17:09:29"
1016,6,106,"2026-04-08","","",70,"target_based",0,"File",0,0,"2026-04-09 10:40:47","2026-04-09 10:40:47"
1017,6,107,"2026-04-08","","",723,"target_based",2.74,"""Scanning and indexing service for Leasing Applications – A4 & Below Indexes: Facility Number Output :200dpi / B&W/ PDF""				",0,0,"2026-04-09 10:52:27","2026-04-09 10:52:27"
1018,6,107,"2026-04-08","","",70,"target_based",0,"File",0,0,"2026-04-09 10:52:41","2026-04-09 10:52:41"
1019,6,108,"2026-04-08","","",708,"target_based",2.74,"""Scanning and indexing service for Leasing Applications – A4 & Below Indexes: Facility Number Output :200dpi / B&W/ PDF""				",0,0,"2026-04-09 10:53:17","2026-04-09 10:53:17"
1020,6,108,"2026-04-08","","",64,"target_based",0,"File",0,0,"2026-04-09 10:53:34","2026-04-09 10:53:34"
1021,6,109,"2026-04-08","","",778,"target_based",2.74,"""Scanning and indexing service for Leasing Applications – A4 & Below Indexes: Facility Number Output :200dpi / B&W/ PDF""				",0,0,"2026-04-09 10:54:06","2026-04-09 10:54:06"
1022,6,109,"2026-04-08","","",70,"target_based",0,"File",0,0,"2026-04-09 10:54:27","2026-04-09 10:54:27"
1023,14,39,"2026-04-08","","",16,"target_based",10,"MIRO Updating ",0,0,"2026-04-09 11:02:50","2026-04-09 11:02:50"
1024,14,39,"2026-04-08","","",147,"target_based",0,"Preparation",0,0,"2026-04-09 11:03:17","2026-04-09 11:03:17"
1025,14,40,"2026-04-08","","",17,"target_based",10,"MIRO Updating ",0,0,"2026-04-09 11:03:29","2026-04-09 11:03:29"
1026,14,40,"2026-04-08","","",250,"target_based",0,"Preparation",0,0,"2026-04-09 11:03:41","2026-04-09 11:03:41"
1027,83,162,"2026-04-08","","",1023,"target_based",3.75,"Scanning",0,0,"2026-04-09 11:03:49","2026-04-09 11:03:49"
1028,14,41,"2026-04-08","","",172,"target_based",0,"Preparation",0,0,"2026-04-09 11:03:54","2026-04-09 11:03:54"
1029,14,42,"2026-04-08","","",1142,"target_based",5.5,"Scaning						",0,0,"2026-04-09 11:04:17","2026-04-09 11:04:17"
1030,83,162,"2026-04-08","","",12,"target_based",0,"File",0,0,"2026-04-09 11:04:19","2026-04-09 11:04:19"
1031,14,161,"2026-04-08","","",1073,"target_based",0,"Preparation",0,0,"2026-04-09 11:04:45","2026-04-09 11:04:45"
1032,83,136,"2026-04-08","","",974,"target_based",3.75,"Scanning",0,0,"2026-04-09 11:04:48","2026-04-09 11:04:48"
1033,83,136,"2026-04-08","","",12,"target_based",0,"File",0,0,"2026-04-09 11:05:01","2026-04-09 11:05:01"
1058,35,97,"2026-04-09","","",2278,"target_based",1.8,"Document scanning and digitizing 				",0,0,"2026-04-09 17:28:25","2026-04-09 17:28:25"
1059,35,98,"2026-04-09","","",2410,"target_based",1.8,"Document scanning and digitizing 				",0,0,"2026-04-09 17:28:38","2026-04-09 17:28:38"
1038,15,43,"2026-04-08","","",321,"target_based",3.25,"SUMMARY COUNT",0,0,"2026-04-09 11:37:32","2026-04-09 11:37:32"
1039,15,43,"2026-04-08","","",83,"target_based",3.23,"ENDOSCOPIES",0,0,"2026-04-09 11:37:46","2026-04-09 11:37:46"
1040,7,18,"2026-04-08","06:15","17:30",1025,"time_based",2.5,"MATHURITY A4 Images single side				",0,0,"2026-04-09 11:38:52","2026-04-09 11:38:52"
1041,7,19,"2026-04-08","08:00","18:10",1019,"time_based",2.5,"AROGYA A4 Images single side				",0,0,"2026-04-09 11:39:38","2026-04-09 11:39:38"
1042,7,20,"2026-04-08","07:30","17:30",748,"time_based",2.5,"LIFE A4  Images single side				",0,0,"2026-04-09 11:40:22","2026-04-09 11:40:22"
1043,7,21,"2026-04-08","07:30","17:30",753,"time_based",2.5,"LIFE A4  Images single side				",0,0,"2026-04-09 11:41:02","2026-04-09 11:41:02"
1044,7,125,"2026-04-08","08:00","18:00",1200,"time_based",2.5,"MATHURITY A4 Images single side				",0,0,"2026-04-09 11:41:46","2026-04-09 11:41:46"
1045,27,85,"2026-04-08","","",1110,"target_based",2.9,"DOCUMENT SCANNING A4",0,0,"2026-04-09 11:42:54","2026-04-09 11:42:54"
1046,27,86,"2026-04-08","","",256,"target_based",2.9,"DOCUMENT SCANNING A4",0,0,"2026-04-09 11:43:14","2026-04-09 11:43:14"
1047,11,27,"2026-04-09","08:33","17:03",0,"time_based",0.8,"1.2 VERIFICATION OF CONTRIBUTION AMOUNT",0,0,"2026-04-09 16:17:29","2026-04-09 16:17:29"
1048,11,28,"2026-04-09","08:16","17:01",0,"time_based",0.8,"1.2 VERIFICATION OF CONTRIBUTION AMOUNT",0,0,"2026-04-09 16:18:27","2026-04-09 16:18:27"
1049,11,29,"2026-04-09","08:25","17:02",0,"time_based",1.65,"2.1 DATA ENTRY WITH VERIFICATION OF PAYMENT YEAR AND MONTH",0,0,"2026-04-09 16:19:10","2026-04-09 16:19:10"
1050,11,30,"2026-04-09","10:02","17:00",0,"time_based",1.65,"2.1 DATA ENTRY WITH VERIFICATION OF PAYMENT YEAR AND MONTH",0,0,"2026-04-09 16:19:59","2026-04-09 16:19:59"
1051,11,47,"2026-04-09","08:50","19:00",0,"time_based",1.65,"2.1 DATA ENTRY WITH VERIFICATION OF PAYMENT YEAR AND MONTH",0,0,"2026-04-09 16:22:00","2026-04-09 16:22:00"
1052,30,78,"2026-04-09","","",705,"time_based",2,"Singhagiri Agreements Checking, NIC Number and data entry to excel report 				 				",0,0,"2026-04-09 16:56:18","2026-04-09 16:56:18"
1053,30,89,"2026-04-09","","",326,"time_based",2,"Singhagiri Agreements Checking, NIC Number and data entry to excel report 				 				",0,0,"2026-04-09 16:56:43","2026-04-09 16:56:43"
1054,32,16,"2026-04-09","","",854,"target_based",10,"SCM3 Verification agreements count - Physical                              				",0,0,"2026-04-09 17:00:53","2026-04-09 17:00:53"
1055,32,90,"2026-04-09","","",494,"target_based",10,"SCM3 Verification agreements count - Physical                              				",0,0,"2026-04-09 17:01:09","2026-04-09 17:01:09"
1056,32,91,"2026-04-09","","",624,"target_based",10,"SCM3 Verification agreements count - Physical                              				",0,0,"2026-04-09 17:01:32","2026-04-09 17:01:32"
1057,33,77,"2026-04-09","","",2505,"target_based",2.4,"Document scanning and digitizing 				",0,0,"2026-04-09 17:04:34","2026-04-09 17:04:34"
1060,34,96,"2026-04-09","","",177,"target_based",0,"File",0,0,"2026-04-09 17:40:45","2026-04-09 17:40:45"
1061,34,96,"2026-04-09","","",539,"target_based",0,"Scanning",0,0,"2026-04-09 17:40:58","2026-04-09 17:40:58"
1062,34,96,"2026-04-09","","",522,"target_based",0,"Exel",0,0,"2026-04-09 17:41:10","2026-04-09 17:41:10"
1063,33,92,"2026-04-09","","",2348,"target_based",2.4,"Document scanning and digitizing 				",0,0,"2026-04-09 17:47:51","2026-04-09 17:47:51"
1064,18,102,"2026-04-09","","",2564,"target_based",3,"Converting Physical Documents to DIGITAL Images - A4 image 				",0,0,"2026-04-09 17:49:49","2026-04-09 17:49:49"
1065,18,102,"2026-04-09","","",40,"target_based",0,"File",0,0,"2026-04-09 17:50:17","2026-04-09 17:50:17"
1066,18,128,"2026-04-09","","",2564,"target_based",3,"Converting Physical Documents to DIGITAL Images - A4 image 				",0,0,"2026-04-09 17:50:32","2026-04-09 17:50:32"
1067,18,128,"2026-04-09","","",40,"target_based",0,"File",0,0,"2026-04-09 17:50:50","2026-04-09 17:50:50"
1068,18,130,"2026-04-09","","",15,"target_based",3,"Converting Physical Documents to DIGITAL Images - A4 image 				",0,0,"2026-04-09 17:51:07","2026-04-09 17:51:07"
1069,121,113,"2026-04-02","","",831,"target_based",2.3,"Mandate Scanning And Digitizing",0,0,"2026-04-10 08:40:27","2026-04-10 08:40:27"
1070,121,183,"2026-04-02","","",400,"target_based",0,"PREPARATION",0,0,"2026-04-10 08:42:34","2026-04-10 08:42:34"
1071,121,183,"2026-04-03","","",1017,"target_based",2.3,"Mandate Scanning And Digitizing",0,0,"2026-04-10 08:42:58","2026-04-10 08:42:58"
1072,121,113,"2026-04-03","","",517,"target_based",0,"PREPARATION",0,0,"2026-04-10 08:44:07","2026-04-10 08:44:07"
1073,121,113,"2026-04-07","","",298,"target_based",2.3,"Mandate Scanning And Digitizing",0,0,"2026-04-10 08:44:37","2026-04-10 08:44:37"
1074,121,183,"2026-04-07","","",84,"target_based",0,"PREPARATION",0,0,"2026-04-10 08:44:57","2026-04-10 08:44:57"
1075,121,113,"2026-04-08","","",200,"target_based",0,"PREPARATION",0,0,"2026-04-10 08:45:18","2026-04-10 08:45:18"
1076,121,183,"2026-04-08","","",400,"target_based",2.3,"Mandate Scanning And Digitizing",0,0,"2026-04-10 08:45:30","2026-04-10 08:45:30"
1077,121,113,"2026-04-09","","",365,"target_based",2.3,"Mandate Scanning And Digitizing",0,0,"2026-04-10 08:45:48","2026-04-10 08:45:48"
1078,121,183,"2026-04-09","","",165,"target_based",0,"PREPARATION",0,0,"2026-04-10 08:46:12","2026-04-10 08:46:12"
1085,82,135,"2026-04-09","08:21","18:00",0,"time_based",1928.57,"Staff outsourcing ",0,0,"2026-04-10 09:32:14","2026-04-10 09:32:14"
1084,82,181,"2026-04-09","08:00","17:10",0,"time_based",1928.57,"Staff outsourcing ",0,0,"2026-04-10 09:31:48","2026-04-10 09:31:48"
1086,82,140,"2026-04-09","08:21","22:00",0,"time_based",1928.57,"Staff outsourcing ",0,0,"2026-04-10 09:32:49","2026-04-10 09:32:49"
1082,101,17,"2026-04-09","","",1285,"target_based",4.1,"Scanning",0,0,"2026-04-10 09:30:10","2026-04-10 09:30:10"
1083,101,17,"2026-04-09","","",31,"target_based",0,"File",0,0,"2026-04-10 09:30:20","2026-04-10 09:30:20"
1087,102,165,"2026-04-09","07:45","19:15",0,"time_based",2362.5,"Staff outsourcing Per Person			",0,0,"2026-04-10 09:34:05","2026-04-10 09:34:05"
951,7,21,"2026-04-04","07:30","17:30",823,"time_based",2.5,"LIFE A4  Images single side				",0,0,"2026-04-08 14:39:25","2026-04-08 14:39:25"
952,7,125,"2026-04-04","08:00","18:00",971,"time_based",2.5,"MATHURITY A4 Images single side				",0,0,"2026-04-08 14:40:34","2026-04-08 14:40:34"
953,7,12,"2026-04-04","08:00","19:00",0,"time_based",2.5,"LIFE A4  Images single side				",0,0,"2026-04-08 14:41:42","2026-04-08 14:41:42"
954,7,20,"2026-04-05","","",1501,"time_based",2.5,"LIFE A4  Images single side				",0,0,"2026-04-08 14:44:07","2026-04-08 14:44:07"
955,7,21,"2026-04-05","","",1500,"time_based",2.5,"LIFE A4  Images single side				",0,0,"2026-04-08 14:44:23","2026-04-08 14:44:23"
956,7,18,"2026-04-06","06:15","17:30",1025,"time_based",2.5,"MATHURITY A4 Images single side				",0,0,"2026-04-08 14:46:58","2026-04-08 14:46:58"
957,7,19,"2026-04-06","08:00","18:10",1030,"time_based",2.5,"AROGYA A4 Images single side				",0,0,"2026-04-08 14:48:24","2026-04-08 14:48:24"
958,7,20,"2026-04-06","07:30","17:30",751,"time_based",2.5,"LIFE A4  Images single side				",0,0,"2026-04-08 14:49:32","2026-04-08 14:49:32"
959,7,21,"2026-04-06","07:30","17:30",1078,"time_based",2.5,"LIFE A4  Images single side				",0,0,"2026-04-08 14:50:33","2026-04-08 14:50:33"
960,7,125,"2026-04-06","08:00","18:00",1400,"time_based",2.5,"MATHURITY A4 Images single side				",0,0,"2026-04-08 14:52:46","2026-04-08 14:52:46"
961,7,12,"2026-04-06","08:00","19:00",0,"time_based",2.5,"LIFE A4  Images single side				",0,0,"2026-04-08 14:53:45","2026-04-08 14:53:45"
962,7,18,"2026-04-07","06:15","17:30",1070,"time_based",2.5,"MATHURITY A4 Images single side				",0,0,"2026-04-08 15:07:32","2026-04-08 15:07:32"
963,7,19,"2026-04-07","08:00","18:10",1060,"time_based",2.5,"AROGYA A4 Images single side				",0,0,"2026-04-08 15:09:28","2026-04-08 15:09:28"
964,7,20,"2026-04-07","07:30","17:30",721,"time_based",2.5,"LIFE A4  Images single side				",0,0,"2026-04-08 15:10:59","2026-04-08 15:10:59"
965,7,21,"2026-04-07","07:30","17:30",843,"time_based",2.5,"LIFE A4  Images single side				",0,0,"2026-04-08 15:11:55","2026-04-08 15:11:55"
966,7,125,"2026-04-07","08:00","18:00",1100,"time_based",2.5,"MATHURITY A4 Images single side				",0,0,"2026-04-08 15:12:49","2026-04-08 15:12:49"
967,7,12,"2026-04-07","08:00","19:00",0,"time_based",2.5,"LIFE A4  Images single side				",0,0,"2026-04-08 15:13:44","2026-04-08 15:13:44"
968,15,43,"2026-04-06","","",375,"target_based",3.23,"ENDOSCOPIES",0,0,"2026-04-08 15:23:21","2026-04-08 15:23:21"
969,15,43,"2026-04-07","","",175,"target_based",3.25,"BILLING CARDS",0,0,"2026-04-08 15:24:28","2026-04-08 15:24:28"
970,27,85,"2026-04-07","","",1208,"target_based",2.9,"DOCUMENT SCANNING A4",0,0,"2026-04-08 15:29:18","2026-04-08 15:29:18"
971,27,84,"2026-04-07","","",1002,"target_based",2.9,"DOCUMENT SCANNING A4",0,0,"2026-04-08 15:29:53","2026-04-08 15:29:53"
972,27,86,"2026-04-07","","",945,"target_based",2.9,"DOCUMENT SCANNING A4",0,0,"2026-04-08 15:30:11","2026-04-08 15:30:11"
973,11,27,"2026-04-08","08:32","17:03",0,"time_based",0.8,"1.2 VERIFICATION OF CONTRIBUTION AMOUNT",0,0,"2026-04-08 16:01:45","2026-04-08 16:01:45"
974,11,28,"2026-04-08","08:05","17:01",0,"time_based",0.8,"1.2 VERIFICATION OF CONTRIBUTION AMOUNT",0,0,"2026-04-08 16:02:20","2026-04-08 16:02:20"
975,11,29,"2026-04-08","08:25","17:05",0,"time_based",1.65,"2.1 DATA ENTRY WITH VERIFICATION OF PAYMENT YEAR AND MONTH",0,0,"2026-04-08 16:02:53","2026-04-08 16:02:53"
976,11,30,"2026-04-08","08:57","17:30",0,"time_based",1.65,"2.1 DATA ENTRY WITH VERIFICATION OF PAYMENT YEAR AND MONTH",0,0,"2026-04-08 16:05:02","2026-04-08 16:05:02"
977,11,47,"2026-04-08","08:55","17:30",0,"time_based",1.65,"2.1 DATA ENTRY WITH VERIFICATION OF PAYMENT YEAR AND MONTH",0,0,"2026-04-08 16:06:04","2026-04-08 16:06:04"
978,30,89,"2026-04-08","","",321,"time_based",2,"Singhagiri Agreements Checking, NIC Number and data entry to excel report 				 				",0,0,"2026-04-08 16:40:19","2026-04-08 16:40:19"
979,30,78,"2026-04-08","","",0,"time_based",2,"Singhagiri Agreements Checking, NIC Number and data entry to excel report 				 				",0,0,"2026-04-08 16:40:46","2026-04-08 16:40:46"
980,32,16,"2026-04-08","","",898,"target_based",10,"SCM3 Verification agreements count - Physical                              				",0,0,"2026-04-08 16:54:24","2026-04-08 16:54:24"
981,32,90,"2026-04-08","","",817,"target_based",10,"SCM3 Verification agreements count - Physical                              				",0,0,"2026-04-08 16:54:37","2026-04-08 16:54:37"
982,32,91,"2026-04-08","","",645,"target_based",10,"SCM3 Verification agreements count - Physical                              				",0,0,"2026-04-08 16:54:54","2026-04-08 16:54:54"
983,33,77,"2026-04-08","","",2606,"target_based",2.4,"Document scanning and digitizing 				",0,0,"2026-04-08 17:00:12","2026-04-08 17:00:12"
984,33,92,"2026-04-08","","",2881,"target_based",2.4,"Document scanning and digitizing 				",0,0,"2026-04-08 17:00:31","2026-04-08 17:00:31"
985,101,17,"2026-04-08","","",1238,"target_based",4.1,"Scanning",0,0,"2026-04-08 17:13:13","2026-04-08 17:13:13"
986,101,17,"2026-04-08","","",31,"target_based",0,"File",0,0,"2026-04-08 17:13:25","2026-04-08 17:13:25"
987,35,97,"2026-04-08","","",2059,"target_based",1.8,"Document scanning and digitizing 				",0,0,"2026-04-08 17:14:22","2026-04-08 17:14:22"
988,35,98,"2026-04-08","","",2698,"target_based",1.8,"Document scanning and digitizing 				",0,0,"2026-04-08 17:14:45","2026-04-08 17:14:45"
989,18,102,"2026-04-08","","",1369,"target_based",3,"Converting Physical Documents to DIGITAL Images - A4 image 				",0,0,"2026-04-08 17:39:59","2026-04-08 17:39:59"
990,18,102,"2026-04-08","","",22,"target_based",0,"File",0,0,"2026-04-08 17:40:15","2026-04-08 17:40:15"
991,18,128,"2026-04-08","","",1811,"target_based",3,"Converting Physical Documents to DIGITAL Images - A4 image 				",0,0,"2026-04-08 17:40:35","2026-04-08 17:40:35"
992,18,128,"2026-04-08","","",25,"target_based",0,"File",0,0,"2026-04-08 17:40:50","2026-04-08 17:40:50"
993,18,130,"2026-04-08","","",752,"target_based",3,"Converting Physical Documents to DIGITAL Images - A4 image 				",0,0,"2026-04-08 17:41:28","2026-04-08 17:41:28"
994,18,130,"2026-04-08","","",9,"target_based",0,"File",0,0,"2026-04-08 17:41:43","2026-04-08 17:41:43"
995,34,96,"2026-04-06","","",534,"target_based",0,"Exel",0,0,"2026-04-09 09:24:44","2026-04-09 09:24:44"
996,34,96,"2026-04-06","","",188,"target_based",0,"File",0,0,"2026-04-09 09:24:56","2026-04-09 09:24:56"
997,34,96,"2026-04-07","","",272,"target_based",0,"File",0,0,"2026-04-09 09:25:27","2026-04-09 09:27:35"
998,34,96,"2026-04-07","","",821,"target_based",0,"Scanning",0,0,"2026-04-09 09:25:41","2026-04-09 09:27:51"
999,34,96,"2026-04-07","","",239,"target_based",0,"Exel",0,0,"2026-04-09 09:26:46","2026-04-09 09:27:23"
1000,34,96,"2026-04-08","","",144,"target_based",0,"File",0,0,"2026-04-09 09:28:20","2026-04-09 09:28:20"
1001,34,96,"2026-04-08","","",433,"target_based",0,"Scanning",0,0,"2026-04-09 09:28:36","2026-04-09 09:28:36"
1002,34,96,"2026-04-08","","",810,"target_based",0,"Exel",0,0,"2026-04-09 09:28:46","2026-04-09 09:28:46"
1003,82,141,"2026-04-08","08:20","18:00",0,"time_based",1928.57,"Staff outsourcing ",0,0,"2026-04-09 09:36:12","2026-04-09 09:36:12"
1004,82,135,"2026-04-08","09:15","18:00",0,"time_based",1928.57,"Staff outsourcing ",0,0,"2026-04-09 09:38:59","2026-04-09 09:38:59"
1005,82,140,"2026-04-08","08:05","06:00",0,"time_based",1928.57,"Staff outsourcing ",0,0,"2026-04-09 09:39:30","2026-04-09 09:39:30"
1006,82,181,"2026-04-08","09:15","17:30",0,"time_based",1928.57,"Staff outsourcing ",0,0,"2026-04-09 09:47:56","2026-04-09 09:47:56"
1007,36,99,"2026-04-08","","",816,"target_based",3.25,"Document Scanning A4 Size 			",0,0,"2026-04-09 09:49:57","2026-04-09 09:49:57"
1008,36,99,"2026-04-08","","",66,"target_based",1,"Indexing Charges for additional fields			",0,0,"2026-04-09 09:50:09","2026-04-09 09:50:09"
1009,36,100,"2026-04-08","","",772,"target_based",3.25,"Document Scanning A4 Size 			",0,0,"2026-04-09 09:50:24","2026-04-09 09:50:24"
1010,36,100,"2026-04-08","","",67,"target_based",1,"Indexing Charges for additional fields			",0,0,"2026-04-09 09:50:39","2026-04-09 09:50:39"
1011,102,165,"2026-04-08","07:45","17:05",0,"time_based",2362.5,"Staff outsourcing Per Person			",0,0,"2026-04-09 10:19:05","2026-04-09 10:19:05"
1012,102,166,"2026-04-08","07:42","17:05",0,"time_based",2362.5,"Staff outsourcing Per Person			",0,0,"2026-04-09 10:19:52","2026-04-09 10:19:52"
1013,6,76,"2026-04-08","","",765,"target_based",2.74,"""Scanning and indexing service for Leasing Applications – A4 & Below Indexes: Facility Number Output :200dpi / B&W/ PDF""				",0,0,"2026-04-09 10:39:46","2026-04-09 10:39:46"
1014,6,76,"2026-04-08","","",70,"target_based",0,"File",0,0,"2026-04-09 10:40:05","2026-04-09 10:40:05"
1015,6,106,"2026-04-08","","",789,"target_based",2.74,"""Scanning and indexing service for Leasing Applications – A4 & Below Indexes: Facility Number Output :200dpi / B&W/ PDF""				",0,0,"2026-04-09 10:40:28","2026-04-09 10:40:28"
886,32,16,"2026-04-07","","",706,"target_based",10,"SCM3 Verification agreements count - Physical                              				",0,0,"2026-04-07 17:01:23","2026-04-07 17:01:23"
887,32,90,"2026-04-07","","",821,"target_based",10,"SCM3 Verification agreements count - Physical                              				",0,0,"2026-04-07 17:02:02","2026-04-07 17:02:02"
888,32,148,"2026-04-07","","",1158,"target_based",10,"SCM3 Verification agreements count - Physical                              				",0,0,"2026-04-07 17:02:31","2026-04-07 17:02:31"
889,30,89,"2026-04-07","","",109,"time_based",2,"Singhagiri Agreements Checking, NIC Number and data entry to excel report 				 				",0,0,"2026-04-07 17:12:38","2026-04-07 17:12:38"
890,11,27,"2026-04-07","08:30","17:19",0,"time_based",0.8,"1.2 VERIFICATION OF CONTRIBUTION AMOUNT",0,0,"2026-04-07 17:22:05","2026-04-07 17:22:05"
891,11,28,"2026-04-07","08:09","17:21",0,"time_based",0.8,"1.3 VERIFICATION OF BUNDLE NUMBER",0,0,"2026-04-07 17:22:26","2026-04-07 17:22:26"
892,11,29,"2026-04-07","08:18","17:18",0,"time_based",1.65,"2.1 DATA ENTRY WITH VERIFICATION OF PAYMENT YEAR AND MONTH",0,0,"2026-04-07 17:22:50","2026-04-07 17:22:50"
893,11,30,"2026-04-07","09:15","17:19",0,"time_based",1.65,"2.1 DATA ENTRY WITH VERIFICATION OF PAYMENT YEAR AND MONTH",0,0,"2026-04-07 17:23:15","2026-04-07 17:23:15"
894,11,47,"2026-04-07","20:22","17:22",0,"time_based",1.65,"2.1 DATA ENTRY WITH VERIFICATION OF PAYMENT YEAR AND MONTH",0,0,"2026-04-07 17:23:44","2026-04-07 17:23:44"
895,18,128,"2026-04-07","","",1886,"target_based",3,"Converting Physical Documents to DIGITAL Images - A4 image 				",0,0,"2026-04-07 17:34:13","2026-04-07 17:34:13"
896,18,128,"2026-04-07","","",30,"target_based",0,"File",0,0,"2026-04-07 17:34:34","2026-04-07 17:34:34"
897,18,130,"2026-04-07","","",1712,"target_based",3,"Converting Physical Documents to DIGITAL Images - A4 image 				",0,0,"2026-04-07 17:35:06","2026-04-07 17:35:06"
898,18,130,"2026-04-07","","",18,"target_based",0,"File",0,0,"2026-04-07 17:35:21","2026-04-07 17:35:21"
899,18,102,"2026-04-07","","",1978,"target_based",3,"Converting Physical Documents to DIGITAL Images - A4 image 				",0,0,"2026-04-07 17:36:07","2026-04-07 17:36:07"
900,18,102,"2026-04-07","","",27,"target_based",0,"File",0,0,"2026-04-07 17:36:22","2026-04-07 17:36:22"
901,101,17,"2026-04-07","","",1036,"target_based",4.1,"Scanning",0,0,"2026-04-07 17:40:59","2026-04-07 17:41:35"
902,101,17,"2026-04-07","","",35,"target_based",0,"File",0,0,"2026-04-07 17:41:14","2026-04-07 17:41:24"
903,35,97,"2026-04-07","","",2097,"target_based",1.8,"Document scanning and digitizing 				",0,0,"2026-04-07 17:51:38","2026-04-07 17:51:38"
904,35,98,"2026-04-07","","",3052,"target_based",1.8,"Document scanning and digitizing 				",0,0,"2026-04-07 17:52:05","2026-04-07 17:52:05"
908,14,42,"2026-04-07","","",471,"target_based",5.5,"Scaning						",0,0,"2026-04-08 08:33:27","2026-04-08 08:33:27"
906,14,39,"2026-04-07","","",91,"target_based",10,"MIRO Updating ",0,0,"2026-04-08 08:32:46","2026-04-08 08:32:46"
907,14,40,"2026-04-07","","",132,"target_based",10,"MIRO Updating ",0,0,"2026-04-08 08:33:04","2026-04-08 08:33:04"
909,14,161,"2026-04-07","","",471,"target_based",0,"Preparation",0,0,"2026-04-08 08:33:41","2026-04-08 08:33:41"
910,36,100,"2026-04-07","","",742,"target_based",3.25,"Document Scanning A4 Size 			",0,0,"2026-04-08 09:39:22","2026-04-08 09:39:22"
911,36,100,"2026-04-07","","",59,"target_based",1,"Indexing Charges for additional fields			",0,0,"2026-04-08 09:39:34","2026-04-08 09:39:34"
912,36,99,"2026-04-07","","",1012,"target_based",3.25,"Document Scanning A4 Size 			",0,0,"2026-04-08 09:40:37","2026-04-08 09:40:37"
913,36,99,"2026-04-07","","",70,"target_based",1,"Indexing Charges for additional fields			",0,0,"2026-04-08 09:40:50","2026-04-08 09:40:50"
914,102,166,"2026-04-07","07:41","19:17",0,"time_based",2362.5,"Staff outsourcing Per Person			",0,0,"2026-04-08 09:41:56","2026-04-08 09:41:56"
915,102,165,"2026-04-07","07:40","19:16",0,"time_based",2362.5,"Staff outsourcing Per Person			",0,0,"2026-04-08 09:42:32","2026-04-08 09:42:32"
916,82,141,"2026-04-07","08:30","21:30",0,"time_based",1928.57,"Staff outsourcing ",0,0,"2026-04-08 09:45:18","2026-04-08 09:45:18"
917,82,135,"2026-04-07","08:45","21:30",0,"time_based",1928.57,"Staff outsourcing ",0,0,"2026-04-08 09:45:48","2026-04-08 09:45:48"
918,82,140,"2026-04-07","08:05","21:30",0,"time_based",1928.57,"Staff outsourcing ",0,0,"2026-04-08 09:48:39","2026-04-08 09:48:39"
919,6,76,"2026-04-07","","",829,"target_based",2.74,"""Scanning and indexing service for Leasing Applications – A4 & Below Indexes: Facility Number Output :200dpi / B&W/ PDF""				",0,0,"2026-04-08 12:58:26","2026-04-08 12:58:26"
920,6,76,"2026-04-07","","",75,"target_based",0,"File",0,0,"2026-04-08 12:58:44","2026-04-08 12:58:44"
921,6,106,"2026-04-07","","",764,"target_based",2.74,"""Scanning and indexing service for Leasing Applications – A4 & Below Indexes: Facility Number Output :200dpi / B&W/ PDF""				",0,0,"2026-04-08 12:59:06","2026-04-08 12:59:06"
922,6,106,"2026-04-07","","",70,"target_based",0,"File",0,0,"2026-04-08 12:59:21","2026-04-08 12:59:21"
923,6,107,"2026-04-07","","",716,"target_based",2.74,"""Scanning and indexing service for Leasing Applications – A4 & Below Indexes: Facility Number Output :200dpi / B&W/ PDF""				",0,0,"2026-04-08 12:59:46","2026-04-08 12:59:46"
924,6,107,"2026-04-07","","",70,"target_based",0,"File",0,0,"2026-04-08 13:00:17","2026-04-08 13:00:17"
925,6,108,"2026-04-07","","",774,"target_based",2.74,"""Scanning and indexing service for Leasing Applications – A4 & Below Indexes: Facility Number Output :200dpi / B&W/ PDF""				",0,0,"2026-04-08 13:00:40","2026-04-08 13:00:40"
926,6,108,"2026-04-07","","",70,"target_based",0,"File",0,0,"2026-04-08 13:01:01","2026-04-08 13:01:01"
927,6,109,"2026-04-07","","",765,"target_based",2.74,"""Scanning and indexing service for Leasing Applications – A4 & Below Indexes: Facility Number Output :200dpi / B&W/ PDF""				",0,0,"2026-04-08 13:01:26","2026-04-08 13:01:26"
928,6,109,"2026-04-07","","",70,"target_based",0,"File",0,0,"2026-04-08 13:01:56","2026-04-08 13:01:56"
929,83,162,"2026-04-07","","",681,"target_based",3.75,"Scanning",0,0,"2026-04-08 13:08:13","2026-04-08 13:08:13"
930,83,162,"2026-04-07","","",9,"target_based",0,"File",0,0,"2026-04-08 13:08:23","2026-04-08 13:08:23"
931,83,136,"2026-04-07","","",1052,"target_based",3.75,"Scanning",0,0,"2026-04-08 13:08:45","2026-04-08 13:08:45"
932,83,136,"2026-04-07","","",13,"target_based",0,"File",0,0,"2026-04-08 13:09:00","2026-04-08 13:09:00"
935,15,43,"2026-04-02","","",457,"target_based",3.25,"SUMMARY COUNT",0,0,"2026-04-08 13:13:45","2026-04-08 13:13:45"
936,15,43,"2026-04-03","","",517,"target_based",3.25,"SUMMARY COUNT",0,0,"2026-04-08 13:14:14","2026-04-08 13:14:14"
937,15,43,"2026-04-03","","",147,"target_based",3.25,"BILLING CARDS",0,0,"2026-04-08 13:14:26","2026-04-08 13:14:26"
938,7,18,"2026-04-02","06:15","17:30",743,"time_based",2.5,"MATHURITY A4 Images single side				",0,0,"2026-04-08 14:00:09","2026-04-08 14:00:09"
939,7,20,"2026-04-02","07:30","17:30",786,"time_based",2.5,"LIFE GROUP A4 Images				",0,0,"2026-04-08 14:09:06","2026-04-08 14:09:06"
940,7,21,"2026-04-02","07:30","18:30",566,"time_based",2.5,"LIFE GROUP A4 Images				",0,0,"2026-04-08 14:10:35","2026-04-08 14:10:35"
941,7,125,"2026-04-02","08:00","18:00",1000,"time_based",2.5,"MATHURITY A4 Images single side				",0,0,"2026-04-08 14:12:02","2026-04-08 14:12:02"
942,7,12,"2026-04-02","08:00","19:00",538,"time_based",2.5,"LIFE A4  Images single side				",0,0,"2026-04-08 14:15:41","2026-04-08 14:15:41"
943,7,19,"2026-04-03","08:00","18:10",1075,"time_based",2.5,"AROGYA A4 Images single side				",0,0,"2026-04-08 14:23:56","2026-04-08 14:23:56"
944,7,18,"2026-04-03","06:15","17:30",1002,"time_based",2.5,"MATHURITY A4 Images single side				",0,0,"2026-04-08 14:24:51","2026-04-08 14:24:51"
945,7,20,"2026-04-03","07:30","17:30",715,"time_based",2.5,"LIFE GROUP A4 Images				",0,0,"2026-04-08 14:25:47","2026-04-08 14:25:47"
946,7,21,"2026-04-03","07:30","17:30",847,"time_based",2.5,"LIFE A4  Images single side				",0,0,"2026-04-08 14:26:38","2026-04-08 14:26:38"
947,7,12,"2026-04-03","08:00","19:00",0,"time_based",2.5,"LIFE A4  Images single side				",0,0,"2026-04-08 14:27:46","2026-04-08 14:27:46"
948,7,18,"2026-04-04","06:15","17:30",318,"time_based",2.5,"MATHURITY A4 Images single side				",0,0,"2026-04-08 14:33:32","2026-04-08 14:33:32"
949,7,19,"2026-04-04","08:00","18:10",1060,"time_based",2.5,"AROGYA A4 Images single side				",0,0,"2026-04-08 14:34:24","2026-04-08 14:34:24"
950,7,20,"2026-04-04","07:30","17:30",711,"time_based",2.5,"LIFE A4  Images single side				",0,0,"2026-04-08 14:38:39","2026-04-08 14:38:39"
817,6,106,"2026-04-06","","",46,"target_based",0,"File",0,0,"2026-04-07 08:48:05","2026-04-07 08:48:05"
818,6,107,"2026-04-06","","",693,"target_based",2.74,"""Scanning and indexing service for Leasing Applications – A4 & Below Indexes: Facility Number Output :200dpi / B&W/ PDF""				",0,0,"2026-04-07 08:48:37","2026-04-07 08:48:37"
819,6,107,"2026-04-06","","",69,"target_based",0,"File",0,0,"2026-04-07 08:48:52","2026-04-07 08:48:52"
820,6,108,"2026-04-06","","",703,"target_based",2.74,"""Scanning and indexing service for Leasing Applications – A4 & Below Indexes: Facility Number Output :200dpi / B&W/ PDF""				",0,0,"2026-04-07 08:49:13","2026-04-07 08:49:13"
821,6,108,"2026-04-06","","",65,"target_based",0,"File",0,0,"2026-04-07 08:49:26","2026-04-07 08:49:26"
822,6,109,"2026-04-06","","",774,"target_based",2.74,"""Scanning and indexing service for Leasing Applications – A4 & Below Indexes: Facility Number Output :200dpi / B&W/ PDF""				",0,0,"2026-04-07 08:49:46","2026-04-07 08:49:46"
823,6,109,"2026-04-06","","",70,"target_based",0,"File",0,0,"2026-04-07 08:49:58","2026-04-07 08:49:58"
824,25,127,"2026-04-06","","",374,"target_based",4.5,"Converting Physical Documents to digital Images using book scanner (Bounded documents and A3 size)			",0,0,"2026-04-07 08:51:49","2026-04-23 10:32:40"
825,83,162,"2026-04-06","","",853,"target_based",0,"Scanning",0,0,"2026-04-07 08:54:18","2026-04-07 08:54:18"
826,83,162,"2026-04-06","","",12,"target_based",0,"File",0,0,"2026-04-07 08:54:30","2026-04-07 08:54:30"
827,83,136,"2026-04-06","","",2667,"target_based",0,"Scanning",0,0,"2026-04-07 08:54:46","2026-04-07 08:54:46"
828,83,136,"2026-04-06","","",34,"target_based",0,"File",0,0,"2026-04-07 08:55:22","2026-04-07 08:55:22"
831,27,86,"2026-04-06","","",544,"target_based",2.9,"DOCUMENT SCANNING A4",0,0,"2026-04-07 08:58:49","2026-04-07 08:58:49"
832,34,96,"2026-04-06","","",542,"target_based",0,"Scanning",0,0,"2026-04-07 09:02:14","2026-04-07 09:02:14"
833,27,85,"2026-04-06","","",1434,"target_based",2.9,"DOCUMENT SCANNING A4",0,0,"2026-04-07 09:02:21","2026-04-07 09:02:21"
834,102,165,"2026-04-02","07:45","19:15",0,"time_based",2362.5,"Staff outsourcing Per Person			",0,0,"2026-04-07 09:08:37","2026-04-07 09:08:37"
835,102,166,"2026-04-02","07:27","19:16",0,"time_based",2362.5,"Staff outsourcing Per Person			",0,0,"2026-04-07 09:09:10","2026-04-07 09:09:10"
836,102,166,"2026-04-03","07:30","17:05",0,"time_based",2362.5,"Staff outsourcing Per Person			",0,0,"2026-04-07 09:09:50","2026-04-07 09:09:50"
837,102,165,"2026-04-03","07:30","19:16",0,"time_based",2362.5,"Staff outsourcing Per Person			",0,0,"2026-04-07 09:10:25","2026-04-07 09:10:25"
838,102,165,"2026-04-06","07:45","19:15",0,"time_based",2362.5,"Staff outsourcing Per Person			",0,0,"2026-04-07 09:11:40","2026-04-07 09:11:40"
839,103,167,"2026-04-06","","",447,"target_based",15,"SCM3 Verification agreements count - Online          ",0,0,"2026-04-07 09:11:42","2026-04-07 09:11:42"
840,102,166,"2026-04-06","07:40","17:06",0,"time_based",2362.5,"Staff outsourcing Per Person			",0,0,"2026-04-07 09:12:06","2026-04-07 09:12:06"
841,36,100,"2026-04-06","","",555,"target_based",3.25,"Document Scanning A4 Size 			",0,0,"2026-04-07 09:18:22","2026-04-07 09:18:22"
842,36,100,"2026-04-06","","",47,"target_based",1,"Indexing Charges for additional fields			",0,0,"2026-04-07 09:21:10","2026-04-07 09:21:10"
843,36,99,"2026-04-06","","",1043,"target_based",3.25,"Document Scanning A4 Size 			",0,0,"2026-04-07 09:21:34","2026-04-07 09:21:34"
844,36,99,"2026-04-06","","",80,"target_based",1,"Indexing Charges for additional fields			",0,0,"2026-04-07 09:21:50","2026-04-07 09:21:50"
845,82,140,"2026-04-06","08:05","17:30",0,"time_based",1928.57,"Staff outsourcing ",0,0,"2026-04-07 09:32:55","2026-04-07 09:32:55"
846,82,135,"2026-04-06","08:29","05:15",0,"time_based",1928.57,"Staff outsourcing ",0,0,"2026-04-07 09:33:25","2026-04-07 09:33:25"
847,6,106,"2026-04-02","","",68,"target_based",0,"File",0,0,"2026-04-07 09:51:39","2026-04-07 09:51:39"
848,6,107,"2026-04-02","","",70,"target_based",0,"File",0,0,"2026-04-07 09:51:57","2026-04-07 09:51:57"
849,13,34,"2026-04-02","07:10","05:00",65,"time_based",2.7,"Printing of Policy Certificate				",0,0,"2026-04-07 10:08:56","2026-04-07 10:08:56"
850,13,35,"2026-04-02","08:25","05:00",65,"time_based",2.7,"Printing of Policy Certificate				",0,0,"2026-04-07 10:09:52","2026-04-07 10:09:52"
851,13,34,"2026-04-03","07:20","05:10",250,"time_based",2.7,"Printing of Policy Certificate				",0,0,"2026-04-07 10:10:45","2026-04-07 10:10:45"
852,13,35,"2026-04-03","08:20","05:10",250,"time_based",2.7,"Printing of Policy Certificate				",0,0,"2026-04-07 10:11:24","2026-04-07 10:11:24"
853,13,34,"2026-04-04","07:35","13:30",300,"time_based",2.7,"Printing of Policy Certificate				",0,0,"2026-04-07 10:45:34","2026-04-07 10:45:34"
854,13,35,"2026-04-04","08:00","12:30",200,"time_based",2.7,"Printing of Policy Certificate				",0,0,"2026-04-07 10:46:09","2026-04-07 10:46:09"
855,13,35,"2026-04-06","08:35","06:00",17,"time_based",2.7,"Policy Schedule, Proposal and other related Document Printing				",0,0,"2026-04-07 10:48:10","2026-04-07 10:48:10"
856,13,35,"2026-04-06","08:35","06:00",420,"time_based",2.7,"Printing of Policy Certificate				",0,0,"2026-04-07 10:48:25","2026-04-07 10:48:25"
857,13,34,"2026-04-06","07:15","05:00",17,"time_based",2.7,"Policy Schedule, Proposal and other related Document Printing				",0,0,"2026-04-07 10:49:23","2026-04-07 10:49:23"
858,13,34,"2026-04-06","07:15","05:00",815,"time_based",5.75,"Printing of one-sided CARD Printing 				",0,0,"2026-04-07 10:49:40","2026-04-07 10:49:40"
859,13,34,"2026-04-06","07:15","05:00",450,"time_based",2.7,"Printing of Policy Certificate				",0,0,"2026-04-07 10:49:53","2026-04-07 10:49:53"
860,20,61,"2026-04-07","","",945,"target_based",0,"Data Entry",0,0,"2026-04-07 11:14:41","2026-04-07 11:14:41"
861,12,36,"2026-04-01","08:00","05:00",0,"time_based",3.9,"CLM	",0,0,"2026-04-07 11:16:21","2026-04-07 11:16:21"
862,12,36,"2026-04-01","08:00","05:00",0,"time_based",3.9,"UW 	",0,0,"2026-04-07 11:16:36","2026-04-07 11:16:36"
863,12,36,"2026-04-02","08:30","05:00",0,"time_based",3.9,"UW 	",0,0,"2026-04-07 11:17:54","2026-04-07 11:17:54"
864,12,38,"2026-04-02","07:42","05:02",0,"time_based",3.9,"CL	",0,0,"2026-04-07 11:18:20","2026-04-07 11:18:20"
865,12,37,"2026-04-02","07:42","05:02",0,"time_based",3.9,"CL	",0,0,"2026-04-07 11:18:45","2026-04-07 11:18:45"
866,12,36,"2026-04-03","07:11","05:03",0,"time_based",3.9,"CL	",0,0,"2026-04-07 11:20:37","2026-04-07 11:20:37"
867,12,37,"2026-04-03","08:22","05:03",0,"time_based",3.9,"CL	",0,0,"2026-04-07 11:20:54","2026-04-07 11:20:54"
868,12,38,"2026-04-03","07:38","05:03",0,"time_based",3.9,"CL	",0,0,"2026-04-07 11:21:14","2026-04-07 11:21:14"
869,12,36,"2026-04-04","08:30","05:30",394,"time_based",3.9,"CL	",0,0,"2026-04-07 11:22:26","2026-04-07 11:22:26"
870,12,37,"2026-04-04","08:12","05:35",0,"time_based",3.9,"CL	",0,0,"2026-04-07 11:23:03","2026-04-07 11:23:03"
871,12,38,"2026-04-04","08:00","05:33",0,"time_based",3.9,"CL	",0,0,"2026-04-07 11:23:18","2026-04-07 11:23:18"
872,12,36,"2026-04-05","08:00","05:00",370,"time_based",3.9,"CLM	",0,0,"2026-04-07 11:24:07","2026-04-07 11:24:07"
873,12,36,"2026-04-05","08:00","05:00",35,"time_based",3.9,"UW 	",0,0,"2026-04-07 11:24:33","2026-04-07 11:24:33"
874,12,37,"2026-04-05","08:00","05:00",0,"time_based",3.9,"CL	",0,0,"2026-04-07 11:24:49","2026-04-07 11:24:49"
875,12,38,"2026-04-05","07:55","05:00",0,"time_based",3.9,"CL	",0,0,"2026-04-07 11:25:23","2026-04-07 11:25:23"
876,12,36,"2026-04-06","07:08","05:00",398,"time_based",3.9,"CL	",0,0,"2026-04-07 11:26:08","2026-04-07 11:26:08"
877,12,36,"2026-04-06","07:08","05:00",4,"time_based",3.9,"UW 	",0,0,"2026-04-07 11:26:20","2026-04-07 11:26:20"
878,12,36,"2026-04-06","07:08","05:00",1,"time_based",3.9,"UWM	",0,0,"2026-04-07 11:26:32","2026-04-07 11:26:32"
879,12,37,"2026-04-06","07:49","05:03",0,"time_based",3.9,"CL	",0,0,"2026-04-07 11:26:52","2026-04-07 11:26:52"
880,12,38,"2026-04-06","07:38","05:02",0,"time_based",3.9,"CL	",0,0,"2026-04-07 11:27:17","2026-04-07 11:27:17"
881,33,77,"2026-04-02","","",1235,"target_based",2.4,"Document scanning and digitizing 				",0,0,"2026-04-07 11:38:58","2026-04-07 11:38:58"
882,33,77,"2026-04-03","","",2616,"target_based",2.4,"Document scanning and digitizing 				",0,0,"2026-04-07 11:39:20","2026-04-07 11:39:20"
883,33,77,"2026-04-04","","",1370,"target_based",2.4,"Document scanning and digitizing 				",0,0,"2026-04-07 11:39:38","2026-04-07 11:39:38"
884,33,92,"2026-04-07","","",3004,"target_based",2.4,"Document scanning and digitizing 				",0,0,"2026-04-07 16:53:51","2026-04-07 16:53:51"
885,33,77,"2026-04-07","","",2436,"target_based",2.4,"Document scanning and digitizing 				",0,0,"2026-04-07 16:58:18","2026-04-07 16:58:18"
745,14,40,"2026-04-02","","",400,"target_based",10,"MIRO Updating ",0,0,"2026-04-06 12:11:57","2026-04-06 12:11:57"
746,14,41,"2026-04-02","","",400,"target_based",10,"MIRO Updating ",0,0,"2026-04-06 12:12:15","2026-04-06 12:12:15"
747,14,42,"2026-04-02","","",743,"target_based",5.5,"Scaning						",0,0,"2026-04-06 12:12:31","2026-04-06 12:12:31"
748,14,42,"2026-04-02","","",43,"target_based",2.5,"Scanning of GRN Lists 			",0,0,"2026-04-06 12:12:44","2026-04-06 12:12:44"
762,14,41,"2026-04-05","","",250,"target_based",10,"MIRO Updating ",0,0,"2026-04-06 12:19:05","2026-04-06 12:19:05"
750,14,39,"2026-04-03","","",400,"target_based",10,"MIRO Updating ",0,0,"2026-04-06 12:14:17","2026-04-06 12:14:17"
751,14,40,"2026-04-03","","",308,"target_based",10,"MIRO Updating ",0,0,"2026-04-06 12:14:30","2026-04-06 12:14:30"
752,14,41,"2026-04-03","","",330,"target_based",10,"MIRO Updating ",0,0,"2026-04-06 12:14:54","2026-04-06 12:14:54"
753,14,42,"2026-04-03","","",543,"target_based",5.5,"Scaning						",0,0,"2026-04-06 12:15:06","2026-04-06 12:15:06"
754,14,42,"2026-04-03","","",101,"target_based",2.5,"Scanning of GRN Lists 			",0,0,"2026-04-06 12:15:21","2026-04-06 12:15:21"
760,14,39,"2026-04-05","","",300,"target_based",10,"MIRO Updating ",0,0,"2026-04-06 12:18:19","2026-04-06 12:19:14"
756,14,39,"2026-04-04","","",301,"target_based",10,"MIRO Updating ",0,0,"2026-04-06 12:15:54","2026-04-06 12:15:54"
757,14,40,"2026-04-04","","",300,"target_based",10,"MIRO Updating ",0,0,"2026-04-06 12:16:03","2026-04-06 12:16:03"
758,14,41,"2026-04-04","","",301,"target_based",10,"MIRO Updating ",0,0,"2026-04-06 12:16:17","2026-04-06 12:16:17"
759,14,42,"2026-04-04","","",463,"target_based",5.5,"Scaning						",0,0,"2026-04-06 12:16:28","2026-04-06 12:16:28"
761,14,40,"2026-04-05","","",300,"target_based",10,"MIRO Updating ",0,0,"2026-04-06 12:18:41","2026-04-06 12:18:41"
763,36,99,"2026-04-02","","",819,"target_based",3.25,"Document Scanning A4 Size 			",0,0,"2026-04-06 12:27:26","2026-04-06 12:27:26"
764,36,99,"2026-04-02","","",60,"target_based",1,"Indexing Charges for additional fields			",0,0,"2026-04-06 12:28:12","2026-04-06 12:28:12"
765,36,99,"2026-04-03","","",855,"target_based",3.25,"Document Scanning A4 Size 			",0,0,"2026-04-06 12:30:10","2026-04-06 12:30:10"
766,36,99,"2026-04-03","","",42,"target_based",1,"Indexing Charges for additional fields			",0,0,"2026-04-06 12:30:25","2026-04-06 12:30:25"
767,36,100,"2026-04-03","","",511,"target_based",3.25,"Document Scanning A4 Size 			",0,0,"2026-04-06 12:31:01","2026-04-06 12:31:01"
768,36,100,"2026-04-03","","",42,"target_based",1,"Indexing Charges for additional fields			",0,0,"2026-04-06 12:31:28","2026-04-06 12:31:28"
769,83,162,"2026-04-04","","",765,"target_based",0,"Scanning",0,0,"2026-04-06 13:16:10","2026-04-06 13:16:10"
770,83,162,"2026-04-04","","",10,"target_based",0,"File",0,0,"2026-04-06 13:16:23","2026-04-06 13:16:23"
771,83,136,"2026-04-04","","",1121,"target_based",0,"Scanning",0,0,"2026-04-06 13:16:41","2026-04-06 13:16:41"
772,83,136,"2026-04-04","","",13,"target_based",0,"File",0,0,"2026-04-06 13:16:58","2026-04-06 13:16:58"
773,27,84,"2026-04-02","","",804,"target_based",2.9,"DOCUMENT SCANNING A4",0,0,"2026-04-06 13:31:01","2026-04-06 13:31:01"
777,25,127,"2026-04-03","","",459,"target_based",4.5,"Converting Physical Documents to digital Images using book scanner (Bounded documents and A3 size)			",0,0,"2026-04-06 13:51:33","2026-04-23 10:31:53"
775,25,127,"2026-04-02","","",753,"target_based",4.5,"Converting Physical Documents to digital Images using book scanner (Bounded documents and A3 size)			",0,0,"2026-04-06 13:51:03","2026-04-23 10:31:37"
776,34,96,"2026-04-02","","",202,"target_based",0,"File",0,0,"2026-04-06 13:51:18","2026-04-09 09:23:35"
778,14,163,"2026-04-02","","",67,"target_based",10,"MIRO Updating ",0,0,"2026-04-06 14:49:26","2026-04-06 14:49:26"
779,14,163,"2026-04-03","","",79,"target_based",10,"MIRO Updating ",0,0,"2026-04-06 14:49:57","2026-04-06 14:49:57"
780,101,17,"2026-04-02","","",1644,"target_based",4.1,"Scanning",0,0,"2026-04-06 15:18:57","2026-04-06 15:18:57"
781,101,17,"2026-04-02","","",18,"target_based",0,"File",0,0,"2026-04-06 15:21:06","2026-04-06 15:21:06"
785,20,61,"2026-04-06","","",1060,"target_based",0,"Data Entry",0,0,"2026-04-06 16:54:59","2026-04-06 16:54:59"
783,30,89,"2026-04-06","08:30","17:00",0,"time_based",100,"Return POD Packets                                       				 				",0,0,"2026-04-06 16:52:58","2026-04-06 16:52:58"
784,32,148,"2026-04-04","","",1025,"target_based",150,"AGREEMENTS  RETRIVE				 				",0,0,"2026-04-06 16:53:37","2026-04-06 16:53:37"
786,33,77,"2026-04-06","","",2094,"target_based",2.4,"Document scanning and digitizing 				",0,0,"2026-04-06 16:56:09","2026-04-06 16:56:09"
787,11,27,"2026-04-06","08:20","17:02",0,"time_based",1.65,"2.1 DATA ENTRY WITH VERIFICATION OF PAYMENT YEAR AND MONTH",0,0,"2026-04-06 16:58:50","2026-04-06 16:58:50"
788,11,28,"2026-04-06","08:09","17:02",0,"time_based",1.65,"2.1 DATA ENTRY WITH VERIFICATION OF PAYMENT YEAR AND MONTH",0,0,"2026-04-06 16:59:23","2026-04-06 16:59:23"
789,32,16,"2026-04-06","","",635,"target_based",10,"SCM3 Verification agreements count - Physical                              				",0,0,"2026-04-06 16:59:34","2026-04-06 16:59:34"
790,11,29,"2026-04-06","08:29","17:02",0,"time_based",1.65,"2.1 DATA ENTRY WITH VERIFICATION OF PAYMENT YEAR AND MONTH",0,0,"2026-04-06 16:59:49","2026-04-06 16:59:49"
791,11,30,"2026-04-06","08:38","17:03",0,"time_based",1.65,"2.1 DATA ENTRY WITH VERIFICATION OF PAYMENT YEAR AND MONTH",0,0,"2026-04-06 17:00:27","2026-04-06 17:00:27"
792,32,90,"2026-04-06","","",814,"target_based",10,"SCM3 Verification agreements count - Physical                              				",0,0,"2026-04-06 17:00:33","2026-04-06 17:00:33"
794,11,47,"2026-04-06","08:35","21:00",0,"time_based",1.65,"2.1 DATA ENTRY WITH VERIFICATION OF PAYMENT YEAR AND MONTH",0,0,"2026-04-06 17:01:16","2026-04-06 17:01:16"
795,32,148,"2026-04-06","","",1479,"target_based",10,"SCM3 Verification agreements count - Physical                              				",0,0,"2026-04-06 17:01:45","2026-04-06 17:01:45"
796,33,92,"2026-04-06","","",3113,"target_based",2.4,"Document scanning and digitizing 				",0,0,"2026-04-06 17:01:57","2026-04-06 17:01:57"
797,18,130,"2026-04-06","","",1998,"target_based",3,"Converting Physical Documents to DIGITAL Images - A4 image 				",0,0,"2026-04-06 17:15:44","2026-04-06 17:15:44"
798,18,130,"2026-04-06","","",13,"target_based",0,"File",0,0,"2026-04-06 17:15:59","2026-04-06 17:15:59"
799,18,102,"2026-04-06","","",2296,"target_based",3,"Converting Physical Documents to DIGITAL Images - A4 image 				",0,0,"2026-04-06 17:16:22","2026-04-06 17:16:22"
800,18,102,"2026-04-06","","",22,"target_based",0,"File",0,0,"2026-04-06 17:16:35","2026-04-06 17:16:35"
801,18,128,"2026-04-06","","",2020,"target_based",3,"Converting Physical Documents to DIGITAL Images - A4 image 				",0,0,"2026-04-06 17:17:11","2026-04-06 17:17:11"
802,18,128,"2026-04-06","","",27,"target_based",0,"File",0,0,"2026-04-06 17:17:31","2026-04-06 17:17:31"
803,35,97,"2026-04-06","","",2088,"target_based",1.8,"Document scanning and digitizing 				",0,0,"2026-04-06 17:18:09","2026-04-06 17:18:09"
804,35,98,"2026-04-06","","",2049,"target_based",1.8,"Document scanning and digitizing 				",0,0,"2026-04-06 17:18:33","2026-04-06 17:18:33"
805,101,17,"2026-04-06","","",1434,"target_based",4.1,"Scanning",0,0,"2026-04-06 17:59:37","2026-04-06 17:59:37"
806,101,17,"2026-04-06","","",19,"target_based",0,"File",0,0,"2026-04-06 17:59:50","2026-04-06 17:59:50"
807,14,39,"2026-04-06","","",259,"target_based",10,"MIRO Updating ",0,0,"2026-04-07 08:44:16","2026-04-07 08:44:16"
808,14,40,"2026-04-06","","",333,"target_based",10,"MIRO Updating ",0,0,"2026-04-07 08:44:45","2026-04-07 08:44:45"
809,14,41,"2026-04-06","","",279,"target_based",10,"MIRO Updating ",0,0,"2026-04-07 08:44:57","2026-04-07 08:44:57"
810,14,42,"2026-04-06","","",362,"target_based",5.5,"Scaning						",0,0,"2026-04-07 08:45:14","2026-04-07 08:45:32"
811,14,42,"2026-04-06","","",25,"target_based",2.5,"Scanning of GRN Lists 			",0,0,"2026-04-07 08:45:45","2026-04-07 08:45:45"
812,14,161,"2026-04-06","","",362,"target_based",0,"Preparation",0,0,"2026-04-07 08:46:03","2026-04-07 08:46:03"
813,14,163,"2026-04-06","","",73,"target_based",10,"MIRO Updating ",0,0,"2026-04-07 08:46:59","2026-04-07 08:46:59"
814,6,76,"2026-04-06","","",832,"target_based",2.74,"""Scanning and indexing service for Leasing Applications – A4 & Below Indexes: Facility Number Output :200dpi / B&W/ PDF""				",0,0,"2026-04-07 08:47:12","2026-04-07 08:47:12"
815,6,76,"2026-04-06","","",76,"target_based",0,"File",0,0,"2026-04-07 08:47:32","2026-04-07 08:47:32"
816,6,106,"2026-04-06","","",504,"target_based",2.74,"""Scanning and indexing service for Leasing Applications – A4 & Below Indexes: Facility Number Output :200dpi / B&W/ PDF""				",0,0,"2026-04-07 08:47:49","2026-04-07 08:47:49"
663,18,102,"2026-04-02","","",1694,"target_based",3,"Converting Physical Documents to DIGITAL Images - A4 image 				",0,0,"2026-04-02 17:29:13","2026-04-02 17:29:13"
664,35,98,"2026-04-02","","",2405,"target_based",1.8,"Document scanning and digitizing 				",0,0,"2026-04-02 18:00:44","2026-04-02 18:00:44"
665,34,96,"2026-04-02","","",616,"target_based",0,"Scanning",0,0,"2026-04-02 18:46:30","2026-04-02 18:46:30"
666,34,96,"2026-04-02","","",595,"target_based",0,"Exel",0,0,"2026-04-02 18:46:53","2026-04-02 18:46:53"
667,6,106,"2026-04-02","","",762,"target_based",2.74,"""Scanning and indexing service for Leasing Applications – A4 & Below Indexes: Facility Number Output :200dpi / B&W/ PDF""				",0,0,"2026-04-03 09:40:50","2026-04-03 09:40:50"
668,6,107,"2026-04-02","","",708,"target_based",2.74,"""Scanning and indexing service for Leasing Applications – A4 & Below Indexes: Facility Number Output :200dpi / B&W/ PDF""				",0,0,"2026-04-03 09:41:16","2026-04-03 09:41:16"
673,83,136,"2026-04-02","","",2462,"target_based",0,"Scanning",0,0,"2026-04-03 12:46:05","2026-04-03 12:46:05"
674,83,136,"2026-04-02","","",26,"target_based",0,"File",0,0,"2026-04-03 12:46:16","2026-04-03 12:46:16"
677,82,135,"2026-04-02","08:35","17:32",0,"time_based",1928.57,"Staff outsourcing ",0,0,"2026-04-03 16:12:30","2026-04-03 16:12:30"
678,82,141,"2026-04-02","08:35","17:32",0,"time_based",1928.57,"Staff outsourcing ",0,0,"2026-04-03 16:13:06","2026-04-03 16:13:06"
679,82,140,"2026-04-02","08:10","17:00",0,"time_based",1928.57,"Staff outsourcing ",0,0,"2026-04-03 16:13:47","2026-04-03 16:13:47"
661,18,130,"2026-04-02","","",1900,"target_based",3,"Converting Physical Documents to DIGITAL Images - A4 image 				",0,0,"2026-04-02 17:26:53","2026-04-02 17:26:53"
680,32,90,"2026-04-03","","",815,"target_based",10,"SCM3 Verification agreements count - Physical                              				",0,0,"2026-04-03 17:09:33","2026-04-05 13:58:37"
662,18,128,"2026-04-02","","",1960,"target_based",3,"Converting Physical Documents to DIGITAL Images - A4 image 				",0,0,"2026-04-02 17:28:27","2026-04-02 17:28:27"
681,32,16,"2026-04-03","","",801,"target_based",10,"SCM3 Verification agreements count - Physical                              				",0,0,"2026-04-03 17:09:52","2026-04-05 13:58:26"
682,18,130,"2026-04-03","","",1352,"target_based",3,"Converting Physical Documents to DIGITAL Images - A4 image 				",0,0,"2026-04-03 17:32:58","2026-04-03 17:32:58"
683,18,130,"2026-04-03","","",12,"target_based",0,"File",0,0,"2026-04-03 17:33:16","2026-04-03 17:33:16"
684,18,102,"2026-04-03","","",2062,"target_based",3,"Converting Physical Documents to DIGITAL Images - A4 image 				",0,0,"2026-04-03 17:33:32","2026-04-03 17:33:32"
685,18,102,"2026-04-03","","",26,"target_based",0,"File",0,0,"2026-04-03 17:34:01","2026-04-03 17:34:01"
686,83,136,"2026-04-03","","",1042,"target_based",0,"Scanning",0,0,"2026-04-03 17:34:48","2026-04-06 13:21:47"
687,83,136,"2026-04-03","","",13,"target_based",0,"File",0,0,"2026-04-03 17:34:58","2026-04-03 17:34:58"
693,6,106,"2026-04-03","","",765,"target_based",2.74,"""Scanning and indexing service for Leasing Applications – A4 & Below Indexes: Facility Number Output :200dpi / B&W/ PDF""				",0,0,"2026-04-03 17:38:35","2026-04-03 17:38:35"
691,6,109,"2026-04-03","","",742,"target_based",2.74,"""Scanning and indexing service for Leasing Applications – A4 & Below Indexes: Facility Number Output :200dpi / B&W/ PDF""				",0,0,"2026-04-03 17:38:00","2026-04-03 17:38:00"
692,6,109,"2026-04-03","","",70,"target_based",0,"File",0,0,"2026-04-03 17:38:17","2026-04-03 17:38:17"
694,6,106,"2026-04-03","","",70,"target_based",0,"File",0,0,"2026-04-03 17:38:50","2026-04-03 17:38:50"
695,6,107,"2026-04-03","","",710,"target_based",2.74,"""Scanning and indexing service for Leasing Applications – A4 & Below Indexes: Facility Number Output :200dpi / B&W/ PDF""				",0,0,"2026-04-03 17:39:13","2026-04-03 17:39:13"
696,6,107,"2026-04-03","","",70,"target_based",0,"File",0,0,"2026-04-03 17:39:39","2026-04-03 17:39:39"
697,82,140,"2026-04-03","08:12","17:10",0,"time_based",1928.57,"Staff outsourcing ",0,0,"2026-04-03 18:02:04","2026-04-03 18:02:04"
710,18,102,"2026-04-04","","",10,"target_based",0,"File",0,0,"2026-04-04 14:02:36","2026-04-04 14:02:36"
711,18,128,"2026-04-04","","",879,"target_based",3,"Converting Physical Documents to DIGITAL Images - A4 image 				",0,0,"2026-04-04 14:02:58","2026-04-04 14:02:58"
709,18,102,"2026-04-04","","",1072,"target_based",3,"Converting Physical Documents to DIGITAL Images - A4 image 				",0,0,"2026-04-04 14:02:25","2026-04-04 14:02:25"
712,18,128,"2026-04-04","","",13,"target_based",0,"File",0,0,"2026-04-04 14:03:11","2026-04-04 14:03:11"
713,18,130,"2026-04-04","","",1022,"target_based",3,"Converting Physical Documents to DIGITAL Images - A4 image 				",0,0,"2026-04-04 14:03:27","2026-04-04 14:03:27"
714,18,130,"2026-04-04","","",10,"target_based",0,"File",0,0,"2026-04-04 14:03:46","2026-04-04 14:03:46"
721,32,16,"2026-04-02","","",843,"target_based",10,"SCM3 Verification agreements count - Physical                              				",0,0,"2026-04-05 13:57:04","2026-04-05 13:57:04"
722,32,148,"2026-04-02","","",996,"target_based",10,"SCM3 Verification agreements count - Physical                              				",0,0,"2026-04-05 13:57:28","2026-04-05 13:57:28"
723,32,148,"2026-04-03","","",930,"target_based",10,"SCM3 Verification agreements count - Physical                              				",0,0,"2026-04-05 13:58:52","2026-04-05 13:58:52"
724,10,26,"2026-04-02","","",191,"target_based",5.25,"A3 and Above				",0,0,"2026-04-05 14:24:58","2026-04-05 14:24:58"
725,10,26,"2026-04-02","","",302,"target_based",4.5,"Converting documents (Damaged or Fragile) using overhead book scanners				",0,0,"2026-04-05 14:25:12","2026-04-05 14:25:12"
726,29,88,"2026-04-02","","",1496,"target_based",0,"Scaning",0,0,"2026-04-06 09:05:33","2026-04-06 09:05:53"
727,29,88,"2026-04-03","","",775,"target_based",0,"Scaning",0,0,"2026-04-06 09:06:28","2026-04-06 09:06:28"
728,8,23,"2026-04-02","","",3388,"target_based",4.3,"Scaning",0,0,"2026-04-06 09:07:56","2026-04-06 09:07:56"
729,8,23,"2026-04-03","","",3639,"target_based",4.3,"Scaning",0,0,"2026-04-06 09:08:14","2026-04-06 09:08:14"
730,6,76,"2026-04-04","","",407,"target_based",2.74,"""Scanning and indexing service for Leasing Applications – A4 & Below Indexes: Facility Number Output :200dpi / B&W/ PDF""				",0,0,"2026-04-06 12:01:46","2026-04-06 12:01:46"
731,6,76,"2026-04-04","","",38,"target_based",0,"File",0,0,"2026-04-06 12:02:04","2026-04-06 12:02:04"
732,6,106,"2026-04-04","","",389,"target_based",2.74,"""Scanning and indexing service for Leasing Applications – A4 & Below Indexes: Facility Number Output :200dpi / B&W/ PDF""				",0,0,"2026-04-06 12:02:25","2026-04-06 12:02:25"
733,6,106,"2026-04-04","","",35,"target_based",0,"File",0,0,"2026-04-06 12:02:42","2026-04-06 12:02:42"
734,6,107,"2026-04-04","","",375,"target_based",2.74,"""Scanning and indexing service for Leasing Applications – A4 & Below Indexes: Facility Number Output :200dpi / B&W/ PDF""				",0,0,"2026-04-06 12:03:09","2026-04-06 12:03:09"
735,6,107,"2026-04-04","","",37,"target_based",0,"File",0,0,"2026-04-06 12:03:23","2026-04-06 12:03:23"
736,6,108,"2026-04-04","","",330,"target_based",2.74,"""Scanning and indexing service for Leasing Applications – A4 & Below Indexes: Facility Number Output :200dpi / B&W/ PDF""				",0,0,"2026-04-06 12:03:47","2026-04-06 12:03:47"
737,6,108,"2026-04-04","","",31,"target_based",0,"File",0,0,"2026-04-06 12:04:02","2026-04-06 12:04:02"
738,6,109,"2026-04-04","","",382,"target_based",2.74,"""Scanning and indexing service for Leasing Applications – A4 & Below Indexes: Facility Number Output :200dpi / B&W/ PDF""				",0,0,"2026-04-06 12:04:15","2026-04-06 12:04:15"
739,6,109,"2026-04-04","","",35,"target_based",0,"File",0,0,"2026-04-06 12:04:31","2026-04-06 12:04:31"
740,14,39,"2026-04-01","","",300,"target_based",10,"MIRO Updating ",0,0,"2026-04-06 12:06:49","2026-04-06 12:06:49"
741,14,40,"2026-04-01","","",300,"target_based",10,"MIRO Updating ",0,0,"2026-04-06 12:07:04","2026-04-06 12:07:04"
742,14,41,"2026-04-01","","",260,"target_based",10,"MIRO Updating ",0,0,"2026-04-06 12:07:36","2026-04-06 12:07:36"
743,14,42,"2026-04-01","","",650,"target_based",5.5,"Scaning						",0,0,"2026-04-06 12:08:36","2026-04-06 12:08:36"
744,14,39,"2026-04-02","","",400,"target_based",10,"MIRO Updating ",0,0,"2026-04-06 12:11:45","2026-04-06 12:11:45"
1161,32,91,"2026-04-10","","",572,"target_based",10,"SCM3 Verification agreements count - Physical                              				",0,0,"2026-04-10 17:09:49","2026-04-10 17:09:49"
1162,37,93,"2026-04-06","08:30","17:00",254,"time_based",210,"Page Count up to 61 – 80 (40A4 Papers max/duplex printing)				",0,0,"2026-04-10 17:31:14","2026-04-10 17:31:14"
1163,37,185,"2026-04-06","08:00","17:00",254,"time_based",210,"Page Count up to 61 – 80 (40A4 Papers max/duplex printing)				",0,0,"2026-04-10 17:31:41","2026-04-10 17:31:41"
1164,37,187,"2026-04-06","08:00","17:00",254,"time_based",210,"Page Count up to 61 – 80 (40A4 Papers max/duplex printing)				",0,0,"2026-04-10 17:32:03","2026-04-10 17:32:03"
1165,37,93,"2026-04-07","08:00","17:00",1,"time_based",210,"Page Count up to 61 – 80 (40A4 Papers max/duplex printing)				",0,0,"2026-04-10 17:33:06","2026-04-10 17:33:50"
1166,37,185,"2026-04-07","08:00","17:00",3,"time_based",210,"Page Count up to 61 – 80 (40A4 Papers max/duplex printing)				",0,0,"2026-04-10 17:33:43","2026-04-10 17:33:43"
1167,37,187,"2026-04-07","08:00","17:00",3,"time_based",210,"Page Count up to 61 – 80 (40A4 Papers max/duplex printing)				",0,0,"2026-04-10 17:34:13","2026-04-10 17:34:13"
1168,37,93,"2026-04-08","08:00","17:00",6,"time_based",210,"Page Count up to 61 – 80 (40A4 Papers max/duplex printing)				",0,0,"2026-04-10 17:34:45","2026-04-10 17:34:45"
1169,37,185,"2026-04-08","08:00","17:00",6,"time_based",210,"Page Count up to 61 – 80 (40A4 Papers max/duplex printing)				",0,0,"2026-04-10 17:35:03","2026-04-10 17:35:03"
1170,37,187,"2026-04-08","08:00","17:00",6,"time_based",210,"Page Count up to 61 – 80 (40A4 Papers max/duplex printing)				",0,0,"2026-04-10 17:35:25","2026-04-10 17:35:25"
1171,37,93,"2026-04-09","08:00","17:00",1,"time_based",210,"Page Count up to 61 – 80 (40A4 Papers max/duplex printing)				",0,0,"2026-04-10 17:36:00","2026-04-10 17:36:00"
1172,37,185,"2026-04-09","08:00","17:00",2,"time_based",210,"Page Count up to 61 – 80 (40A4 Papers max/duplex printing)				",0,0,"2026-04-10 17:36:23","2026-04-10 17:36:23"
1173,37,187,"2026-04-09","08:00","17:00",2,"time_based",210,"Page Count up to 61 – 80 (40A4 Papers max/duplex printing)				",0,0,"2026-04-10 17:36:49","2026-04-10 17:36:49"
1174,37,185,"2026-04-10","08:00","17:00",1,"time_based",210,"Page Count up to 61 – 80 (40A4 Papers max/duplex printing)				",0,0,"2026-04-10 17:37:30","2026-04-10 17:37:30"
1175,37,93,"2026-04-10","08:00","17:00",0,"time_based",210,"Page Count up to 61 – 80 (40A4 Papers max/duplex printing)				",0,0,"2026-04-10 17:37:44","2026-04-10 17:37:44"
1176,37,187,"2026-04-10","08:00","17:00",0,"time_based",210,"Page Count up to 61 – 80 (40A4 Papers max/duplex printing)				",0,0,"2026-04-10 17:38:39","2026-04-10 17:38:39"
1177,39,94,"2026-04-08","","",164,"target_based",40,"Policy Preparation for despatching",0,0,"2026-04-10 17:40:26","2026-04-10 17:40:26"
1178,39,121,"2026-04-08","","",164,"target_based",40,"Policy Preparation for despatching",0,0,"2026-04-10 17:40:46","2026-04-10 17:40:46"
1179,39,186,"2026-04-08","","",162,"target_based",40,"Policy Preparation for despatching",0,0,"2026-04-10 17:40:59","2026-04-10 17:40:59"
1180,39,94,"2026-04-09","","",12,"target_based",40,"Policy Preparation for despatching",0,0,"2026-04-10 17:41:19","2026-04-10 17:41:39"
1181,39,186,"2026-04-09","","",12,"target_based",40,"Policy Preparation for despatching",0,0,"2026-04-10 17:41:52","2026-04-10 17:41:52"
1182,39,94,"2026-04-10","","",24,"target_based",40,"Policy Preparation for despatching",0,0,"2026-04-10 17:42:51","2026-04-10 17:42:51"
1183,39,121,"2026-04-10","","",23,"target_based",40,"Policy Preparation for despatching",0,0,"2026-04-10 17:43:01","2026-04-10 17:43:01"
1184,39,186,"2026-04-10","","",23,"target_based",40,"Policy Preparation for despatching",0,0,"2026-04-10 17:43:12","2026-04-10 17:43:12"
1185,38,95,"2026-04-06","08:00","17:00",43,"time_based",45,"Policy Preparation",0,0,"2026-04-10 17:44:12","2026-04-10 17:44:12"
1186,38,122,"2026-04-06","08:00","17:00",43,"time_based",45,"Policy Preparation",0,0,"2026-04-10 17:44:28","2026-04-10 17:44:28"
1187,38,188,"2026-04-06","08:00","17:00",43,"time_based",45,"Policy Preparation",0,0,"2026-04-10 17:44:45","2026-04-10 17:44:45"
1188,38,95,"2026-04-10","08:00","17:00",17,"time_based",45,"Policy Preparation",0,0,"2026-04-10 17:45:25","2026-04-10 17:45:25"
1189,38,122,"2026-04-10","08:00","17:00",18,"time_based",45,"Policy Preparation",0,0,"2026-04-10 17:45:45","2026-04-10 17:45:45"
1190,38,188,"2026-04-10","08:00","17:00",17,"time_based",45,"Policy Preparation",0,0,"2026-04-10 17:46:04","2026-04-10 17:46:04"
1191,121,183,"2026-04-10","","",180,"target_based",2.3,"Mandate Scanning And Digitizing",0,0,"2026-04-10 17:50:42","2026-04-10 17:50:42"
1192,121,113,"2026-04-10","","",180,"target_based",0,"PREPARATION",0,0,"2026-04-10 17:50:51","2026-04-10 17:50:51"
1193,18,130,"2026-04-10","","",1264,"target_based",3,"Converting Physical Documents to DIGITAL Images - A4 image 				",0,0,"2026-04-10 17:53:05","2026-04-10 17:53:05"
1194,18,130,"2026-04-10","","",24,"target_based",0,"File",0,0,"2026-04-10 17:53:21","2026-04-10 17:53:21"
1195,18,128,"2026-04-10","","",2032,"target_based",3,"Converting Physical Documents to DIGITAL Images - A4 image 				",0,0,"2026-04-10 17:53:48","2026-04-10 17:53:48"
1196,18,128,"2026-04-10","","",37,"target_based",0,"File",0,0,"2026-04-10 17:54:03","2026-04-10 17:54:03"
1197,18,102,"2026-04-10","","",1538,"target_based",3,"Converting Physical Documents to DIGITAL Images - A4 image 				",0,0,"2026-04-10 17:54:27","2026-04-10 17:54:27"
1198,18,102,"2026-04-10","","",36,"target_based",0,"File",0,0,"2026-04-10 17:54:40","2026-04-10 17:54:40"
1199,35,97,"2026-04-10","","",2501,"target_based",1.8,"Document scanning and digitizing 				",0,0,"2026-04-10 17:56:01","2026-04-10 17:56:01"
1200,35,98,"2026-04-10","","",2340,"target_based",1.8,"Document scanning and digitizing 				",0,0,"2026-04-10 17:56:13","2026-04-10 17:56:13"
1201,6,106,"2026-04-10","","",700,"target_based",2.74,"""Scanning and indexing service for Leasing Applications – A4 & Below Indexes: Facility Number Output :200dpi / B&W/ PDF""				",0,0,"2026-04-10 18:02:47","2026-04-10 18:02:47"
1202,6,106,"2026-04-10","","",62,"target_based",0,"File",0,0,"2026-04-10 18:03:03","2026-04-10 18:03:03"
1203,6,108,"2026-04-10","","",584,"target_based",2.74,"""Scanning and indexing service for Leasing Applications – A4 & Below Indexes: Facility Number Output :200dpi / B&W/ PDF""				",0,0,"2026-04-10 18:03:22","2026-04-10 18:03:22"
1204,6,108,"2026-04-10","","",55,"target_based",0,"File",0,0,"2026-04-10 18:03:58","2026-04-10 18:03:58"
1205,101,17,"2026-04-10","","",1199,"target_based",4.1,"Scanning",0,0,"2026-04-10 18:06:41","2026-04-10 18:06:41"
1206,101,17,"2026-04-10","","",20,"target_based",0,"File",0,0,"2026-04-10 18:06:51","2026-04-10 18:06:51"
1207,36,99,"2026-04-10","","",819,"target_based",3.25,"Document Scanning A4 Size 			",0,0,"2026-04-10 18:08:47","2026-04-10 18:08:47"
1208,36,99,"2026-04-10","","",58,"target_based",3.25,"Indexing Charges for additional fields			",0,0,"2026-04-10 18:08:58","2026-04-10 18:09:46"
1209,36,100,"2026-04-10","","",571,"target_based",3.25,"Document Scanning A4 Size 			",0,0,"2026-04-10 18:09:14","2026-04-10 18:09:14"
1210,36,100,"2026-04-10","","",56,"target_based",1,"Indexing Charges for additional fields			",0,0,"2026-04-10 18:09:36","2026-04-10 18:09:36"
1211,8,23,"2026-04-02","","",3388,"target_based",4.3,"Scaning",0,0,"2026-04-11 06:19:14","2026-04-11 06:19:14"
1212,8,23,"2026-04-03","","",3639,"target_based",4.3,"Scaning",0,0,"2026-04-11 06:19:29","2026-04-11 06:19:29"
1213,8,23,"2026-04-06","","",3485,"target_based",4.3,"Scaning",0,0,"2026-04-11 06:19:48","2026-04-11 06:19:48"
1214,8,23,"2026-04-07","","",3061,"target_based",4.3,"Scaning",0,0,"2026-04-11 06:20:03","2026-04-11 06:20:03"
1215,8,23,"2026-04-08","","",3351,"target_based",4.3,"Scaning",0,0,"2026-04-11 06:20:18","2026-04-11 06:20:18"
1216,8,23,"2026-04-09","","",3117,"target_based",4.3,"Scaning",0,0,"2026-04-11 06:20:34","2026-04-11 06:20:34"
1217,8,23,"2026-04-10","","",3258,"target_based",4.3,"Scaning",0,0,"2026-04-11 06:20:49","2026-04-11 06:20:49"
1218,29,88,"2026-04-02","","",1496,"target_based",2.75,"DOCUMENT SCANNING-  Less than 500,000 page",0,0,"2026-04-11 06:23:20","2026-04-11 06:23:20"
1219,29,88,"2026-04-03","","",775,"target_based",2.75,"DOCUMENT SCANNING-  Less than 500,000 page",0,0,"2026-04-11 06:23:34","2026-04-11 06:23:34"
1220,29,88,"2026-04-06","","",798,"target_based",2.75,"DOCUMENT SCANNING-  Less than 500,000 page",0,0,"2026-04-11 06:23:51","2026-04-11 06:23:51"
1221,29,88,"2026-04-07","","",1022,"target_based",2.75,"DOCUMENT SCANNING-  Less than 500,000 page",0,0,"2026-04-11 06:24:07","2026-04-11 06:24:07"
1222,29,88,"2026-04-08","","",777,"target_based",2.75,"DOCUMENT SCANNING-  Less than 500,000 page",0,0,"2026-04-11 06:24:22","2026-04-11 06:24:22"
1223,10,26,"2026-04-03","","",321,"target_based",5.25,"A3 and Above				",0,0,"2026-04-11 06:26:26","2026-04-11 06:26:26"
1224,10,26,"2026-04-03","","",287,"target_based",4.5,"Converting documents (Damaged or Fragile) using overhead book scanners				",0,0,"2026-04-11 06:26:43","2026-04-11 06:26:43"
1225,10,26,"2026-04-06","","",45,"target_based",5.25,"A3 and Above				",0,0,"2026-04-11 06:27:00","2026-04-11 06:27:00"
1226,10,26,"2026-04-06","","",515,"target_based",4.5,"Converting documents (Damaged or Fragile) using overhead book scanners				",0,0,"2026-04-11 06:27:14","2026-04-11 06:27:14"
1227,10,26,"2026-04-07","","",742,"target_based",5.25,"A3 and Above				",0,0,"2026-04-11 06:27:32","2026-04-11 06:27:32"
1228,10,26,"2026-04-07","","",37,"target_based",4.5,"Converting documents (Damaged or Fragile) using overhead book scanners				",0,0,"2026-04-11 06:27:45","2026-04-11 06:27:45"
1229,10,26,"2026-04-08","","",699,"target_based",5.25,"A3 and Above				",0,0,"2026-04-11 06:28:04","2026-04-11 06:28:04"
1230,10,26,"2026-04-09","","",1005,"target_based",5.25,"A3 and Above				",0,0,"2026-04-11 06:28:19","2026-04-11 06:28:19"
1231,10,26,"2026-04-09","","",4,"target_based",4.5,"Converting documents (Damaged or Fragile) using overhead book scanners				",0,0,"2026-04-11 06:28:30","2026-04-11 06:28:30"
1232,23,72,"2026-04-02","","",698,"target_based",3.25,"Converting Physical Documents to DIGITAL Images - Article A4 image				",0,0,"2026-04-11 06:31:36","2026-04-11 06:31:36"
1233,23,72,"2026-04-06","","",483,"target_based",3.25,"Converting Physical Documents to DIGITAL Images - Article A4 image				",0,0,"2026-04-11 06:31:55","2026-04-11 06:31:55"
1234,23,72,"2026-04-07","","",500,"target_based",3.25,"Converting Physical Documents to DIGITAL Images - Article A4 image				",0,0,"2026-04-11 06:32:11","2026-04-11 06:32:11"
1235,23,72,"2026-04-08","","",505,"target_based",3.25,"Converting Physical Documents to DIGITAL Images - Article A4 image				",0,0,"2026-04-11 06:32:26","2026-04-11 06:32:26"
1236,26,139,"2026-04-06","","",519,"target_based",3.51,"To Convert Physical Documents to DIGITAL Images  (Up to A4/legal)				",0,0,"2026-04-11 06:33:08","2026-04-11 06:33:08"
1237,26,139,"2026-04-07","","",585,"target_based",3.51,"To Convert Physical Documents to DIGITAL Images  (Up to A4/legal)				",0,0,"2026-04-11 06:33:24","2026-04-11 06:33:24"
1238,26,139,"2026-04-08","","",715,"target_based",3.51,"To Convert Physical Documents to DIGITAL Images  (Up to A4/legal)				",0,0,"2026-04-11 06:33:38","2026-04-11 06:33:38"
1239,24,73,"2026-04-02","","",133,"target_based",2.25,"Administration",0,0,"2026-04-11 06:42:57","2026-04-11 06:42:57"
1240,24,73,"2026-04-02","","",1126,"target_based",2.25,"Motor (UW)",0,0,"2026-04-11 06:43:13","2026-04-11 06:43:13"
1241,24,74,"2026-04-02","","",7,"target_based",2.25,"Administration",0,0,"2026-04-11 06:43:46","2026-04-11 06:43:46"
1242,24,74,"2026-04-02","","",100,"target_based",2.25,"Motor Claims",0,0,"2026-04-11 06:44:03","2026-04-11 06:44:36"
1243,24,74,"2026-04-02","","",1145,"target_based",2.25,"Motor (UW)",0,0,"2026-04-11 06:44:19","2026-04-11 06:44:19"
1244,24,74,"2026-04-02","","",52,"target_based",2.25,"Surgical Claims",0,0,"2026-04-11 06:45:53","2026-04-11 06:45:53"
1245,24,74,"2026-04-02","","",89,"target_based",2.25,"Legal",0,0,"2026-04-11 06:46:12","2026-04-11 06:46:12"
1246,24,129,"2026-04-02","","",1533,"target_based",2.25,"Motor (UW)",0,0,"2026-04-11 06:46:36","2026-04-11 06:46:36"
1247,24,142,"2026-04-02","","",978,"target_based",2.25,"Motor (UW)",0,0,"2026-04-11 06:47:05","2026-04-11 06:47:05"
1248,20,110,"2026-04-11","","",529,"target_based",2.4,"SCANNING 			",0,0,"2026-04-11 13:03:19","2026-04-11 13:03:19"
1249,33,92,"2026-04-11","","",1839,"target_based",2.4,"Document scanning and digitizing 				",0,0,"2026-04-11 13:56:26","2026-04-11 13:56:26"
1250,11,28,"2026-04-11","08:23","15:40",18636,"time_based",0.8,"1.2 VERIFICATION OF CONTRIBUTION AMOUNT",0,0,"2026-04-11 15:39:49","2026-04-11 15:39:49"
1251,11,29,"2026-04-11","08:27","13:36",0,"time_based",1.65,"2.1 DATA ENTRY WITH VERIFICATION OF PAYMENT YEAR AND MONTH",0,0,"2026-04-11 15:40:31","2026-04-11 15:40:31"
1252,11,47,"2026-04-11","09:10","16:00",0,"time_based",1.65,"2.1 DATA ENTRY WITH VERIFICATION OF PAYMENT YEAR AND MONTH",0,0,"2026-04-11 15:41:11","2026-04-11 15:41:11"
1261,24,129,"2026-04-03","","",1063,"target_based",2.25,"Motor (UW)",0,0,"2026-04-12 06:09:18","2026-04-12 06:09:18"
1262,24,74,"2026-04-03","","",50,"target_based",2.25,"Surgical Claims",0,0,"2026-04-12 06:09:41","2026-04-12 06:09:41"
1263,24,74,"2026-04-03","","",109,"target_based",2.25,"Motor Claims",0,0,"2026-04-12 06:09:56","2026-04-12 06:09:56"
1264,24,74,"2026-04-03","","",38,"target_based",2.24,"Sales",0,0,"2026-04-12 06:10:13","2026-04-12 06:10:13"
1265,24,74,"2026-04-03","","",1119,"target_based",2.25,"Property",0,0,"2026-04-12 06:10:28","2026-04-12 06:10:28"
1266,24,74,"2026-04-03","","",93,"target_based",2.25,"Legal",0,0,"2026-04-12 06:10:45","2026-04-12 06:10:45"
1267,24,73,"2026-04-03","","",6,"target_based",2.25,"Administration",0,0,"2026-04-12 06:11:19","2026-04-12 06:11:19"
1268,24,73,"2026-04-03","","",1923,"target_based",2.25,"Motor (UW)",0,0,"2026-04-12 06:11:38","2026-04-12 06:11:38"
1269,24,142,"2026-04-03","","",853,"target_based",2.25,"Motor (UW)",0,0,"2026-04-12 06:12:03","2026-04-12 06:12:03"
1270,24,129,"2026-04-04","","",1313,"target_based",2.25,"Motor (UW)",0,0,"2026-04-12 06:12:45","2026-04-12 06:12:45"
1271,24,74,"2026-04-04","","",1491,"target_based",2.25,"Motor (UW)",0,0,"2026-04-12 06:13:09","2026-04-12 06:13:09"
1272,24,73,"2026-04-04","","",1752,"target_based",2.25,"Motor (UW)",0,0,"2026-04-12 06:13:30","2026-04-12 06:13:30"
1273,24,142,"2026-04-04","","",463,"target_based",2.25,"Motor (UW)",0,0,"2026-04-12 06:13:53","2026-04-12 06:13:53"
1274,24,129,"2026-04-06","","",1328,"target_based",2.25,"Motor (UW)",0,0,"2026-04-12 06:14:24","2026-04-12 06:14:24"
1275,24,74,"2026-04-06","","",2,"target_based",2.25,"Administration",0,0,"2026-04-12 06:14:48","2026-04-12 06:14:48"
1276,24,74,"2026-04-06","","",1009,"target_based",2.25,"Motor Claims",0,0,"2026-04-12 06:15:04","2026-04-12 06:15:04"
1277,24,74,"2026-04-06","","",5,"target_based",2.24,"Sales",0,0,"2026-04-12 06:15:17","2026-04-12 06:15:17"
1278,24,74,"2026-04-06","","",30,"target_based",2.25,"Legal",0,0,"2026-04-12 06:15:36","2026-04-12 06:15:36"
1279,24,73,"2026-04-06","","",1640,"target_based",2.25,"Motor (UW)",0,0,"2026-04-12 06:16:00","2026-04-12 06:16:00"
1280,24,73,"2026-04-06","","",24,"target_based",2.24,"Sales",0,0,"2026-04-12 06:16:14","2026-04-12 06:16:14"
1281,24,129,"2026-04-07","","",1181,"target_based",2.25,"Motor (UW)",0,0,"2026-04-12 06:18:04","2026-04-12 06:18:04"
1282,24,74,"2026-04-07","","",10,"target_based",2.25,"Administration",0,0,"2026-04-12 06:18:24","2026-04-12 06:18:24"
1283,24,74,"2026-04-07","","",559,"target_based",2.25,"Motor Claims",0,0,"2026-04-12 06:18:40","2026-04-12 06:18:40"
1284,24,74,"2026-04-07","","",283,"target_based",2.25,"Property",0,0,"2026-04-12 06:18:55","2026-04-12 06:18:55"
1285,24,74,"2026-04-07","","",21,"target_based",2.25,"Legal",0,0,"2026-04-12 06:19:10","2026-04-12 06:19:10"
1286,24,73,"2026-04-07","","",70,"target_based",2.25,"Administration",0,0,"2026-04-12 06:19:31","2026-04-12 06:19:31"
1287,24,73,"2026-04-07","","",1498,"target_based",2.25,"Motor (UW)",0,0,"2026-04-12 06:19:46","2026-04-12 06:19:46"
1288,24,142,"2026-04-07","","",1157,"target_based",2.25,"Motor (UW)",0,0,"2026-04-12 06:20:17","2026-04-12 06:20:17"
1301,102,165,"2026-04-10","07:35","19:15",0,"time_based",2362.5,"Staff outsourcing Per Person			",0,0,"2026-04-14 12:46:35","2026-04-14 12:46:35"
1302,102,166,"2026-04-10","07:44","19:17",0,"time_based",2362.5,"Staff outsourcing Per Person			",0,0,"2026-04-14 12:47:03","2026-04-14 12:47:03"
1303,6,107,"2026-04-10","","",707,"target_based",2.74,"""Scanning and indexing service for Leasing Applications – A4 & Below Indexes: Facility Number Output :200dpi / B&W/ PDF""				",0,0,"2026-04-14 12:50:57","2026-04-14 12:50:57"
1304,6,107,"2026-04-10","","",67,"target_based",0,"File",0,0,"2026-04-14 12:51:16","2026-04-14 12:51:16"
1305,6,108,"2026-04-11","","",327,"target_based",2.74,"""Scanning and indexing service for Leasing Applications – A4 & Below Indexes: Facility Number Output :200dpi / B&W/ PDF""				",0,0,"2026-04-14 12:52:02","2026-04-14 12:52:02"
1306,6,108,"2026-04-11","","",35,"target_based",0,"File",0,0,"2026-04-14 12:52:28","2026-04-14 12:52:28"
1307,6,106,"2026-04-11","","",388,"target_based",2.74,"""Scanning and indexing service for Leasing Applications – A4 & Below Indexes: Facility Number Output :200dpi / B&W/ PDF""				",0,0,"2026-04-14 12:52:43","2026-04-14 12:52:43"
1308,6,106,"2026-04-11","","",35,"target_based",0,"File",0,0,"2026-04-14 12:52:58","2026-04-14 12:52:58"
1309,6,76,"2026-04-11","","",439,"target_based",2.74,"""Scanning and indexing service for Leasing Applications – A4 & Below Indexes: Facility Number Output :200dpi / B&W/ PDF""				",0,0,"2026-04-14 12:53:20","2026-04-14 12:53:20"
1310,6,76,"2026-04-11","","",40,"target_based",0,"File",0,0,"2026-04-14 12:53:32","2026-04-14 12:53:32"
1311,6,107,"2026-04-11","","",415,"target_based",2.74,"""Scanning and indexing service for Leasing Applications – A4 & Below Indexes: Facility Number Output :200dpi / B&W/ PDF""				",0,0,"2026-04-14 12:53:51","2026-04-14 12:53:51"
1312,6,107,"2026-04-11","","",40,"target_based",0,"File",0,0,"2026-04-14 12:54:12","2026-04-14 12:54:12"
1313,83,136,"2026-04-10","","",3114,"target_based",3.75,"Scanning",0,0,"2026-04-14 12:55:00","2026-04-14 12:55:00"
1314,83,136,"2026-04-10","","",41,"target_based",0,"File",0,0,"2026-04-14 12:55:16","2026-04-20 10:51:06"
1315,83,136,"2026-04-11","","",1490,"target_based",3.75,"Scanning",0,0,"2026-04-14 12:55:57","2026-04-14 12:55:57"
1316,83,136,"2026-04-11","","",16,"target_based",0,"File",0,0,"2026-04-14 12:56:09","2026-04-14 12:56:09"
1317,18,130,"2026-04-11","","",1292,"target_based",3,"Converting Physical Documents to DIGITAL Images - A4 image 				",0,0,"2026-04-14 12:57:39","2026-04-20 11:21:01"
1318,18,130,"2026-04-11","","",30,"target_based",0,"File",0,0,"2026-04-14 12:57:53","2026-04-20 11:20:44"
1319,18,128,"2026-04-11","","",694,"target_based",3,"Converting Physical Documents to DIGITAL Images - A4 image 				",0,0,"2026-04-14 12:58:11","2026-04-20 11:22:07"
1320,18,128,"2026-04-11","","",20,"target_based",0,"File",0,0,"2026-04-14 12:58:22","2026-04-20 11:21:55"
1321,18,102,"2026-04-11","","",518,"target_based",3,"Converting Physical Documents to DIGITAL Images - A4 image 				",0,0,"2026-04-14 12:58:54","2026-04-20 11:21:24"
1322,18,102,"2026-04-11","","",20,"target_based",0,"File",0,0,"2026-04-14 12:59:09","2026-04-20 11:21:38"
1323,82,135,"2026-04-10","08:29","19:00",0,"time_based",1928.57,"Staff outsourcing ",0,0,"2026-04-14 13:15:02","2026-04-14 13:15:02"
1324,82,141,"2026-04-10","08:29","19:00",0,"time_based",1928.57,"Staff outsourcing ",0,0,"2026-04-14 13:15:36","2026-04-14 13:18:23"
1325,82,181,"2026-04-10","08:20","19:00",0,"time_based",1928.57,"Staff outsourcing ",0,0,"2026-04-14 13:16:58","2026-04-14 13:16:58"
1326,82,140,"2026-04-10","08:15","18:30",0,"time_based",1928.57,"Staff outsourcing ",0,0,"2026-04-14 13:19:02","2026-04-14 13:19:02"
1327,18,130,"2026-04-15","","",1114,"target_based",3,"Converting Physical Documents to DIGITAL Images - A4 image 				",0,0,"2026-04-16 09:15:23","2026-04-16 09:15:23"
1328,18,130,"2026-04-15","","",55,"target_based",0,"File",0,0,"2026-04-16 09:15:35","2026-04-16 09:15:35"
1329,36,99,"2026-04-15","","",566,"target_based",3.25,"Document Scanning A4 Size 			",0,0,"2026-04-16 09:16:32","2026-04-16 09:16:32"
1330,36,99,"2026-04-15","","",47,"target_based",1,"Indexing Charges for additional fields			",0,0,"2026-04-16 09:16:53","2026-04-16 09:16:53"
1331,101,17,"2026-04-15","","",1255,"target_based",4.1,"Scanning",0,0,"2026-04-16 09:24:49","2026-04-16 09:24:49"
1332,101,17,"2026-04-15","","",15,"target_based",0,"File",0,0,"2026-04-16 09:25:00","2026-04-16 09:25:00"
1333,14,39,"2026-04-11","","",18,"target_based",10,"MIRO Updating ",0,0,"2026-04-16 12:28:37","2026-04-16 12:28:37"
1334,14,39,"2026-04-11","","",221,"target_based",0,"Preparation",0,0,"2026-04-16 12:28:49","2026-04-16 12:28:49"
1335,14,40,"2026-04-11","","",53,"target_based",10,"MIRO Updating ",0,0,"2026-04-16 12:28:59","2026-04-16 12:28:59"
1336,14,41,"2026-04-11","","",46,"target_based",10,"MIRO Updating ",0,0,"2026-04-16 12:29:11","2026-04-16 12:29:11"
1337,14,42,"2026-04-11","","",443,"target_based",5.5,"Scaning						",0,0,"2026-04-16 12:29:30","2026-04-16 12:29:30"
1338,14,161,"2026-04-11","","",221,"target_based",0,"Preparation",0,0,"2026-04-16 12:29:48","2026-04-16 12:29:48"
1339,32,16,"2026-04-16","","",819,"target_based",10,"SCM3 Verification agreements count - Physical                              				",0,0,"2026-04-16 16:16:03","2026-04-16 16:16:03"
1340,11,27,"2026-04-16","08:22","17:15",0,"time_based",0.8,"1.2 VERIFICATION OF CONTRIBUTION AMOUNT",0,0,"2026-04-16 16:41:23","2026-04-16 16:41:23"
1341,11,28,"2026-04-16","07:52","17:15",0,"time_based",0.8,"1.2 VERIFICATION OF CONTRIBUTION AMOUNT",0,0,"2026-04-16 16:42:15","2026-04-16 16:42:15"
1342,11,29,"2026-04-16","08:27","17:02",0,"time_based",1.65,"2.1 DATA ENTRY WITH VERIFICATION OF PAYMENT YEAR AND MONTH",0,0,"2026-04-16 16:42:40","2026-04-16 16:42:40"
1343,11,47,"2026-04-16","09:10","18:30",0,"time_based",1.65,"2.1 DATA ENTRY WITH VERIFICATION OF PAYMENT YEAR AND MONTH",0,0,"2026-04-16 16:44:21","2026-04-16 16:44:21"
1344,33,92,"2026-04-16","","",2638,"target_based",2.4,"Document scanning and digitizing 				",0,0,"2026-04-16 16:55:41","2026-04-16 16:55:41"
1345,14,39,"2026-04-16","","",204,"target_based",10,"MIRO Updating ",0,0,"2026-04-17 09:05:06","2026-04-17 09:05:06"
1346,14,40,"2026-04-16","","",223,"target_based",10,"MIRO Updating ",0,0,"2026-04-17 09:05:22","2026-04-17 09:05:22"
1347,14,41,"2026-04-16","","",200,"target_based",10,"MIRO Updating ",0,0,"2026-04-17 09:05:33","2026-04-17 09:05:33"
1348,14,42,"2026-04-16","","",227,"target_based",5.5,"Scaning						",0,0,"2026-04-17 09:06:05","2026-04-17 09:06:05"
1349,14,161,"2026-04-16","","",227,"target_based",0,"Preparation",0,0,"2026-04-17 09:06:16","2026-04-17 09:06:16"
1350,14,163,"2026-04-16","","",82,"target_based",10,"MIRO Updating ",0,0,"2026-04-17 09:06:38","2026-04-17 09:06:38"
1351,6,76,"2026-04-16","","",769,"target_based",2.74,"""Scanning and indexing service for Leasing Applications – A4 & Below Indexes: Facility Number Output :200dpi / B&W/ PDF""				",0,0,"2026-04-17 09:08:49","2026-04-17 09:08:49"
1352,6,76,"2026-04-16","","",70,"target_based",0,"File",0,0,"2026-04-17 09:09:04","2026-04-17 09:09:04"
1353,6,107,"2026-04-16","","",725,"target_based",2.74,"""Scanning and indexing service for Leasing Applications – A4 & Below Indexes: Facility Number Output :200dpi / B&W/ PDF""				",0,0,"2026-04-17 09:09:23","2026-04-17 09:09:23"
1354,6,107,"2026-04-16","","",70,"target_based",0,"File",0,0,"2026-04-17 09:09:41","2026-04-17 09:09:41"
1355,6,108,"2026-04-16","","",756,"target_based",2.74,"""Scanning and indexing service for Leasing Applications – A4 & Below Indexes: Facility Number Output :200dpi / B&W/ PDF""				",0,0,"2026-04-17 09:10:00","2026-04-17 09:10:00"
1356,6,108,"2026-04-16","","",70,"target_based",0,"File",0,0,"2026-04-17 09:10:16","2026-04-17 09:10:16"
1357,82,140,"2026-04-16","08:02","19:50",0,"time_based",1928.57,"Staff outsourcing ",0,0,"2026-04-17 09:11:10","2026-04-17 09:11:10"
1358,82,181,"2026-04-16","08:04","17:10",0,"time_based",1928.57,"Staff outsourcing ",0,0,"2026-04-17 09:11:53","2026-04-17 09:11:53"
1359,82,135,"2026-04-16","08:50","07:45",0,"time_based",1928.57,"Staff outsourcing ",0,0,"2026-04-17 09:12:24","2026-04-17 09:12:24"
1360,82,141,"2026-04-16","08:50","19:45",0,"time_based",1928.57,"Staff outsourcing ",0,0,"2026-04-17 09:14:03","2026-04-17 09:14:03"
1361,36,99,"2026-04-16","","",3826,"target_based",3.25,"Document Scanning A4 Size 			",0,0,"2026-04-17 09:18:59","2026-04-17 09:18:59"
1362,36,99,"2026-04-16","","",72,"target_based",1,"Indexing Charges for additional fields			",0,0,"2026-04-17 09:19:13","2026-04-17 09:19:13"
1363,18,130,"2026-04-16","","",866,"target_based",3,"Converting Physical Documents to DIGITAL Images - A4 image 				",0,0,"2026-04-17 09:20:07","2026-04-17 09:20:07"
1364,18,130,"2026-04-16","","",42,"target_based",3,"Converting Physical Documents to DIGITAL Images - A4 image 				",0,0,"2026-04-17 09:20:25","2026-04-17 09:20:25"
1365,18,128,"2026-04-16","","",1506,"target_based",3,"Converting Physical Documents to DIGITAL Images - A4 image 				",0,0,"2026-04-17 09:20:58","2026-04-17 09:20:58"
1366,18,128,"2026-04-16","","",20,"target_based",0,"File",0,0,"2026-04-17 09:21:11","2026-04-17 09:21:11"
1367,18,102,"2026-04-16","","",886,"target_based",3,"Converting Physical Documents to DIGITAL Images - A4 image 				",0,0,"2026-04-17 09:21:28","2026-04-17 09:21:28"
1368,18,102,"2026-04-16","","",36,"target_based",0,"File",0,0,"2026-04-17 09:21:41","2026-04-17 09:21:41"
1369,101,17,"2026-04-16","","",1308,"target_based",4.1,"Scanning",0,0,"2026-04-17 09:40:40","2026-04-17 09:40:40"
1370,101,17,"2026-04-16","","",11,"target_based",0,"File",0,0,"2026-04-17 09:41:06","2026-04-17 09:41:06"
1371,11,27,"2026-04-17","08:27","17:01",0,"time_based",0.8,"1.2 VERIFICATION OF CONTRIBUTION AMOUNT",0,0,"2026-04-17 15:59:14","2026-04-17 15:59:14"
1373,11,29,"2026-04-17","08:28","17:01",0,"time_based",1.65,"2.1 DATA ENTRY WITH VERIFICATION OF PAYMENT YEAR AND MONTH",0,0,"2026-04-17 16:00:42","2026-04-17 16:00:42"
1374,11,47,"2026-04-17","08:42","17:00",0,"time_based",1.65,"2.1 DATA ENTRY WITH VERIFICATION OF PAYMENT YEAR AND MONTH",0,0,"2026-04-17 16:01:12","2026-04-17 16:01:12"
1375,33,77,"2026-04-17","","",2398,"target_based",2.4,"Document scanning and digitizing 				",0,0,"2026-04-17 17:12:39","2026-04-17 17:12:39"
1376,33,92,"2026-04-17","","",2970,"target_based",2.4,"Document scanning and digitizing 				",0,0,"2026-04-17 17:14:12","2026-04-17 17:14:12"
1378,18,130,"2026-04-17","","",22,"target_based",0,"File",0,0,"2026-04-17 17:51:30","2026-04-17 17:51:30"
1377,18,130,"2026-04-17","","",22,"target_based",3,"Converting Physical Documents to DIGITAL Images - A4 image 				",0,0,"2026-04-17 17:51:17","2026-04-17 17:51:17"
1379,18,128,"2026-04-17","","",2068,"target_based",3,"Converting Physical Documents to DIGITAL Images - A4 image 				",0,0,"2026-04-17 17:52:27","2026-04-17 17:52:27"
1380,18,128,"2026-04-17","","",38,"target_based",0,"File",0,0,"2026-04-17 17:52:51","2026-04-17 17:52:51"
1381,18,102,"2026-04-17","","",2068,"target_based",3,"Converting Physical Documents to DIGITAL Images - A4 image 				",0,0,"2026-04-17 17:53:05","2026-04-17 17:53:05"
1382,18,102,"2026-04-17","","",38,"target_based",0,"File",0,0,"2026-04-17 17:53:19","2026-04-17 17:53:19"
1383,36,99,"2026-04-17","","",7369,"target_based",3.25,"Document Scanning A4 Size 			",0,0,"2026-04-17 17:54:00","2026-04-17 17:54:00"
1384,36,99,"2026-04-17","","",65,"target_based",1,"Indexing Charges for additional fields			",0,0,"2026-04-17 17:54:13","2026-04-17 17:54:13"
1385,101,17,"2026-04-17","","",1396,"target_based",4.1,"Scanning",0,0,"2026-04-17 17:54:45","2026-04-17 17:54:45"
1386,101,17,"2026-04-17","","",12,"target_based",0,"File",0,0,"2026-04-17 17:54:55","2026-04-17 17:54:55"
1401,14,39,"2026-04-17","","",193,"target_based",10,"MIRO Updating ",0,0,"2026-04-18 10:47:50","2026-04-18 10:47:50"
1402,14,40,"2026-04-17","","",243,"target_based",10,"MIRO Updating ",0,0,"2026-04-18 10:48:05","2026-04-18 10:48:47"
1403,14,42,"2026-04-17","","",60,"target_based",5.5,"Scaning						",0,0,"2026-04-18 10:48:23","2026-04-18 10:48:23"
1404,14,161,"2026-04-17","","",93,"target_based",0,"Preparation",0,0,"2026-04-18 10:48:38","2026-04-18 10:48:38"
1405,11,29,"2026-04-18","08:25","14:35",0,"time_based",1.65,"2.2 DATA ENTRY WITH VERIFICATION OF PAYMENT CATEGORY",0,0,"2026-04-18 14:30:33","2026-04-18 14:30:33"
1406,11,47,"2026-04-18","09:05","16:00",0,"time_based",1.65,"2.2 DATA ENTRY WITH VERIFICATION OF PAYMENT CATEGORY",0,0,"2026-04-18 14:31:56","2026-04-18 14:31:56"
1407,33,77,"2026-04-18","","",1143,"target_based",2.4,"Document scanning and digitizing 				",0,0,"2026-04-18 15:40:28","2026-04-18 15:40:28"
1408,33,92,"2026-04-18","","",2932,"target_based",2.4,"Document scanning and digitizing 				",0,0,"2026-04-18 15:40:43","2026-04-18 15:40:43"
1421,82,140,"2026-04-17","07:56","17:10",0,"time_based",1928.57,"Staff outsourcing ",0,0,"2026-04-20 10:08:33","2026-04-20 10:08:33"
1422,82,181,"2026-04-17","08:10","17:15",0,"time_based",1928.57,"Staff outsourcing ",0,0,"2026-04-20 10:09:19","2026-04-20 10:09:19"
1423,101,17,"2026-04-11","","",1396,"target_based",4.1,"Scanning",0,0,"2026-04-20 10:25:19","2026-04-20 10:25:19"
1424,101,17,"2026-04-11","","",12,"target_based",0,"File",0,0,"2026-04-20 10:25:30","2026-04-20 10:25:30"
1425,6,76,"2026-04-17","","",766,"target_based",2.74,"""Scanning and indexing service for Leasing Applications – A4 & Below Indexes: Facility Number Output :200dpi / B&W/ PDF""				",0,0,"2026-04-20 10:40:11","2026-04-20 10:40:11"
1426,6,76,"2026-04-17","","",70,"target_based",0,"File",0,0,"2026-04-20 10:40:21","2026-04-20 10:40:21"
1427,6,107,"2026-04-17","","",727,"target_based",2.74,"""Scanning and indexing service for Leasing Applications – A4 & Below Indexes: Facility Number Output :200dpi / B&W/ PDF""				",0,0,"2026-04-20 10:40:39","2026-04-20 10:40:39"
1428,6,107,"2026-04-17","","",70,"target_based",0,"File",0,0,"2026-04-20 10:40:58","2026-04-20 10:40:58"
1429,6,76,"2026-04-18","","",404,"target_based",2.74,"""Scanning and indexing service for Leasing Applications – A4 & Below Indexes: Facility Number Output :200dpi / B&W/ PDF""				",0,0,"2026-04-20 10:42:32","2026-04-20 10:42:32"
1430,6,76,"2026-04-18","","",37,"target_based",0,"File",0,0,"2026-04-20 10:42:45","2026-04-20 10:42:45"
1431,6,106,"2026-04-18","","",440,"target_based",2.74,"""Scanning and indexing service for Leasing Applications – A4 & Below Indexes: Facility Number Output :200dpi / B&W/ PDF""				",0,0,"2026-04-20 10:43:01","2026-04-20 10:43:01"
1432,6,106,"2026-04-18","","",40,"target_based",0,"File",0,0,"2026-04-20 10:43:13","2026-04-20 10:43:13"
1433,6,108,"2026-04-18","","",385,"target_based",2.74,"""Scanning and indexing service for Leasing Applications – A4 & Below Indexes: Facility Number Output :200dpi / B&W/ PDF""				",0,0,"2026-04-20 10:43:29","2026-04-20 10:43:29"
1434,6,108,"2026-04-18","","",35,"target_based",0,"File",0,0,"2026-04-20 10:43:47","2026-04-20 10:43:47"
1435,6,107,"2026-04-18","","",411,"target_based",2.74,"""Scanning and indexing service for Leasing Applications – A4 & Below Indexes: Facility Number Output :200dpi / B&W/ PDF""				",0,0,"2026-04-20 10:44:08","2026-04-20 10:44:08"
1436,6,107,"2026-04-18","","",40,"target_based",0,"File",0,0,"2026-04-20 10:44:24","2026-04-20 10:44:24"
1437,83,136,"2026-04-16","","",2515,"target_based",3.75,"Scanning",0,0,"2026-04-20 10:52:17","2026-04-20 10:52:17"
1438,83,136,"2026-04-16","","",37,"target_based",0,"File",0,0,"2026-04-20 10:52:33","2026-04-20 10:52:33"
1439,83,136,"2026-04-17","","",2685,"target_based",3.75,"Scanning",0,0,"2026-04-20 10:53:06","2026-04-20 10:53:06"
1440,83,136,"2026-04-17","","",35,"target_based",0,"File",0,0,"2026-04-20 10:53:21","2026-04-20 10:53:21"
1441,27,86,"2026-04-16","","",378,"target_based",2.9,"DOCUMENT SCANNING A4",0,0,"2026-04-20 11:09:24","2026-04-20 11:09:24"
1442,83,136,"2026-04-18","","",2140,"target_based",3.75,"Scanning",0,0,"2026-04-20 11:16:41","2026-04-20 11:16:41"
1443,83,136,"2026-04-18","","",28,"target_based",0,"File",0,0,"2026-04-20 11:16:57","2026-04-20 11:16:57"
1444,27,82,"2026-04-17","","",229,"target_based",2.9,"DOCUMENT SCANNING A4",0,0,"2026-04-20 11:18:10","2026-04-20 11:18:10"
1445,27,86,"2026-04-17","","",672,"target_based",2.9,"DOCUMENT SCANNING A4",0,0,"2026-04-20 11:18:39","2026-04-20 11:18:39"
1446,14,39,"2026-04-18","","",103,"target_based",10,"MIRO Updating ",0,0,"2026-04-20 11:18:58","2026-04-20 11:18:58"
1447,14,40,"2026-04-18","","",101,"target_based",10,"MIRO Updating ",0,0,"2026-04-20 11:19:07","2026-04-20 11:19:07"
1448,14,42,"2026-04-18","","",459,"target_based",5.5,"Scaning						",0,0,"2026-04-20 11:19:26","2026-04-20 11:19:26"
1449,14,161,"2026-04-18","","",603,"target_based",0,"Preparation",0,0,"2026-04-20 11:19:37","2026-04-20 11:19:37"
1450,18,130,"2026-04-18","","",748,"target_based",3,"Converting Physical Documents to DIGITAL Images - A4 image 				",0,0,"2026-04-20 11:22:47","2026-04-20 11:22:47"
1451,18,130,"2026-04-18","","",8,"target_based",0,"File",0,0,"2026-04-20 11:22:58","2026-04-20 11:22:58"
1452,18,128,"2026-04-18","","",676,"target_based",3,"Converting Physical Documents to DIGITAL Images - A4 image 				",0,0,"2026-04-20 11:23:26","2026-04-20 11:23:26"
1453,18,128,"2026-04-18","","",10,"target_based",0,"File",0,0,"2026-04-20 11:23:37","2026-04-20 11:23:37"
1454,18,102,"2026-04-18","","",856,"target_based",3,"Converting Physical Documents to DIGITAL Images - A4 image 				",0,0,"2026-04-20 11:23:55","2026-04-20 11:23:55"
1455,18,102,"2026-04-18","","",12,"target_based",0,"File",0,0,"2026-04-20 11:24:05","2026-04-20 11:24:05"
1456,11,27,"2026-04-20","08:38","17:10",0,"time_based",0.8,"1.1 VERIFICATION OF EMPLOYERS ZONE AND NUMBER",0,0,"2026-04-20 15:58:52","2026-04-20 15:58:52"
1457,11,28,"2026-04-20","08:25","17:00",0,"time_based",0.8,"1.2 VERIFICATION OF CONTRIBUTION AMOUNT",0,0,"2026-04-20 15:59:38","2026-04-20 15:59:38"
1458,11,29,"2026-04-20","08:28","17:02",0,"time_based",1.65,"2.1 DATA ENTRY WITH VERIFICATION OF PAYMENT YEAR AND MONTH",0,0,"2026-04-20 16:00:13","2026-04-20 16:00:13"
1459,11,47,"2026-04-20","10:40","13:10",0,"time_based",1.65,"2.1 DATA ENTRY WITH VERIFICATION OF PAYMENT YEAR AND MONTH",0,0,"2026-04-20 16:00:49","2026-04-20 16:00:49"
1460,30,78,"2026-04-20","","",511,"time_based",2,"Singhagiri Agreements Checking, NIC Number and data entry to excel report 				 				",0,0,"2026-04-20 16:55:16","2026-04-20 16:55:16"
1461,11,28,"2026-04-10","08:15","17:01",17663,"time_based",0.8,"1.1 VERIFICATION OF EMPLOYERS ZONE AND NUMBER",0,0,"2026-04-20 16:55:29","2026-04-20 16:55:29"
1462,11,28,"2026-04-10","08:15","17:01",18636,"time_based",0.8,"1.2 VERIFICATION OF CONTRIBUTION AMOUNT",0,0,"2026-04-20 16:55:49","2026-04-20 16:55:49"
1463,11,28,"2026-04-10","08:15","17:01",105,"time_based",0.8,"1.3 VERIFICATION OF BUNDLE NUMBER",0,0,"2026-04-20 16:56:04","2026-04-20 16:56:04"
1464,11,28,"2026-04-10","08:15","17:01",18636,"time_based",1.65,"2.1 DATA ENTRY WITH VERIFICATION OF PAYMENT YEAR AND MONTH",0,0,"2026-04-20 16:56:25","2026-04-20 16:56:25"
1465,33,92,"2026-04-20","","",2538,"target_based",2.4,"Document scanning and digitizing 				",0,0,"2026-04-20 16:56:28","2026-04-20 16:56:28"
1466,11,28,"2026-04-10","08:15","17:01",18636,"time_based",1.65,"2.2 DATA ENTRY WITH VERIFICATION OF PAYMENT CATEGORY",0,0,"2026-04-20 16:56:51","2026-04-20 16:56:51"
1467,30,89,"2026-04-20","08:20","17:05",0,"time_based",2,"Singhagiri Agreements Checking, NIC Number and data entry to excel report 				 				",0,0,"2026-04-20 16:57:00","2026-04-20 16:57:00"
1468,11,28,"2026-04-10","08:15","17:01",36,"time_based",10,"3.1 PRINTING CHARGES OF SUMMARY REPORT OF C1, SURCHARGES, CL, UP/OP, & ERROR REPROT",0,0,"2026-04-20 16:57:22","2026-04-20 16:57:22"
1469,11,28,"2026-04-17","08:00","17:00",5211,"time_based",0.8,"1.1 VERIFICATION OF EMPLOYERS ZONE AND NUMBER",0,0,"2026-04-20 16:58:28","2026-04-20 16:58:28"
1470,11,28,"2026-04-17","08:00","17:00",5874,"time_based",0.8,"1.2 VERIFICATION OF CONTRIBUTION AMOUNT",0,0,"2026-04-20 16:58:48","2026-04-20 16:58:48"
1471,11,28,"2026-04-17","08:00","17:00",39,"time_based",0.8,"1.3 VERIFICATION OF BUNDLE NUMBER",0,0,"2026-04-20 16:59:03","2026-04-20 16:59:03"
1472,11,28,"2026-04-17","08:00","17:00",5874,"time_based",1.65,"2.1 DATA ENTRY WITH VERIFICATION OF PAYMENT YEAR AND MONTH",0,0,"2026-04-20 16:59:20","2026-04-20 16:59:20"
1473,11,28,"2026-04-17","08:00","17:00",5874,"time_based",1.65,"2.2 DATA ENTRY WITH VERIFICATION OF PAYMENT CATEGORY",0,0,"2026-04-20 17:00:13","2026-04-20 17:00:13"
1474,11,28,"2026-04-17","08:00","17:00",25,"time_based",10,"3.1 PRINTING CHARGES OF SUMMARY REPORT OF C1, SURCHARGES, CL, UP/OP, & ERROR REPROT",0,0,"2026-04-20 17:00:38","2026-04-20 17:00:38"
1475,33,77,"2026-04-20","","",1989,"target_based",2.4,"Document scanning and digitizing 				",0,0,"2026-04-20 17:01:27","2026-04-20 17:01:27"
1476,20,61,"2026-04-20","","",1155,"target_based",2.4,"SCANNING 			",0,0,"2026-04-20 17:02:08","2026-04-20 17:02:08"
1477,32,90,"2026-04-20","","",803,"target_based",10,"SCM3 Verification agreements count - Physical                              				",0,0,"2026-04-20 17:08:20","2026-04-20 17:08:20"
1478,32,16,"2026-04-20","","",689,"target_based",10,"SCM3 Verification agreements count - Physical                              				",0,0,"2026-04-20 17:08:41","2026-04-20 17:08:41"
1479,32,91,"2026-04-20","","",300,"target_based",10,"SCM3 Verification agreements count - Physical                              				",0,0,"2026-04-20 17:09:09","2026-04-20 17:09:09"
1480,101,17,"2026-04-20","","",1415,"target_based",4.1,"Scanning",0,0,"2026-04-20 17:35:27","2026-04-20 17:35:27"
1481,101,17,"2026-04-20","","",19,"target_based",0,"File",0,0,"2026-04-20 17:35:40","2026-04-20 17:35:40"
1482,18,130,"2026-04-20","","",1496,"target_based",3,"Converting Physical Documents to DIGITAL Images - A4 image 				",0,0,"2026-04-20 17:36:15","2026-04-20 17:36:15"
1483,18,130,"2026-04-20","","",15,"target_based",0,"File",0,0,"2026-04-20 17:36:27","2026-04-20 17:36:27"
1484,18,102,"2026-04-20","","",1786,"target_based",3,"Converting Physical Documents to DIGITAL Images - A4 image 				",0,0,"2026-04-20 17:36:58","2026-04-20 17:36:58"
1485,18,102,"2026-04-20","","",30,"target_based",0,"File",0,0,"2026-04-20 17:37:15","2026-04-20 17:37:15"
1486,35,97,"2026-04-20","","",2035,"target_based",1.8,"Document scanning and digitizing 				",0,0,"2026-04-20 17:38:07","2026-04-20 17:38:07"
1487,35,98,"2026-04-20","","",2586,"target_based",1.8,"Document scanning and digitizing 				",0,0,"2026-04-20 17:38:26","2026-04-20 17:38:26"
1488,34,96,"2026-04-20","","",526,"target_based",0,"Scanning",0,0,"2026-04-20 18:01:40","2026-04-20 18:01:40"
1489,34,96,"2026-04-20","","",175,"target_based",0,"File",0,0,"2026-04-20 18:01:53","2026-04-20 18:01:53"
1490,34,96,"2026-04-20","","",929,"target_based",0,"Exel",0,0,"2026-04-20 18:02:18","2026-04-20 18:02:18"
1491,20,110,"2026-04-20","","",870,"target_based",2.4,"SCANNING 			",0,0,"2026-04-20 18:06:17","2026-04-20 18:06:17"
1495,102,166,"2026-04-20","07:35","19:15",0,"time_based",2362.5,"Staff outsourcing Per Person			",0,0,"2026-04-21 08:36:38","2026-04-21 08:36:38"
1496,82,135,"2026-04-20","08:28","19:00",0,"time_based",1928.57,"Staff outsourcing ",0,0,"2026-04-21 08:38:29","2026-04-21 08:38:29"
1494,102,165,"2026-04-20","07:35","19:13",0,"time_based",2362.5,"Staff outsourcing Per Person			",0,0,"2026-04-21 08:36:02","2026-04-21 08:36:02"
1497,82,141,"2026-04-20","08:28","19:00",0,"time_based",1928.57,"Staff outsourcing ",0,0,"2026-04-21 08:43:51","2026-04-21 08:43:51"
1498,82,181,"2026-04-20","08:10","17:15",0,"time_based",1928.57,"Staff outsourcing ",0,0,"2026-04-21 08:44:18","2026-04-21 08:44:18"
1499,14,39,"2026-04-20","","",158,"target_based",10,"MIRO Updating ",0,0,"2026-04-21 11:37:02","2026-04-21 11:37:02"
1500,14,40,"2026-04-20","","",300,"target_based",10,"MIRO Updating ",0,0,"2026-04-21 11:37:15","2026-04-21 11:37:15"
1501,14,41,"2026-04-20","","",184,"target_based",10,"MIRO Updating ",0,0,"2026-04-21 11:37:31","2026-04-21 11:37:31"
1502,14,42,"2026-04-20","","",631,"target_based",5.5,"Scaning						",0,0,"2026-04-21 11:37:45","2026-04-21 11:37:45"
1503,14,161,"2026-04-20","","",974,"target_based",0,"Preparation",0,0,"2026-04-21 11:38:11","2026-04-21 11:38:11"
1504,14,163,"2026-04-20","","",140,"target_based",10,"MIRO Updating ",0,0,"2026-04-21 11:38:24","2026-04-21 11:38:24"
1505,11,27,"2026-04-21","08:33","17:05",0,"time_based",1.65,"2.2 DATA ENTRY WITH VERIFICATION OF PAYMENT CATEGORY",0,0,"2026-04-21 16:05:45","2026-04-21 16:05:45"
1506,11,47,"2026-04-21","08:45","20:05",0,"time_based",1.65,"2.2 DATA ENTRY WITH VERIFICATION OF PAYMENT CATEGORY",0,0,"2026-04-21 16:07:38","2026-04-21 16:07:38"
1507,11,29,"2026-04-21","08:26","17:04",0,"time_based",1.65,"2.2 DATA ENTRY WITH VERIFICATION OF PAYMENT CATEGORY",0,0,"2026-04-21 16:09:05","2026-04-21 16:09:05"
1508,32,16,"2026-04-21","","",807,"target_based",10,"SCM3 Verification agreements count - Physical                              				",0,0,"2026-04-21 17:00:45","2026-04-21 17:00:45"
1509,32,90,"2026-04-21","","",804,"target_based",10,"SCM3 Verification agreements count - Physical                              				",0,0,"2026-04-21 17:01:45","2026-04-21 17:01:45"
1510,32,91,"2026-04-21","","",537,"target_based",10,"SCM3 Verification agreements count - Physical                              				",0,0,"2026-04-21 17:01:57","2026-04-21 17:01:57"
1511,20,110,"2026-04-21","","",710,"target_based",2.4,"SCANNING 			",0,0,"2026-04-21 17:38:24","2026-04-21 17:38:24"
1512,20,61,"2026-04-21","","",910,"target_based",2.4,"SCANNING 			",0,0,"2026-04-21 17:38:44","2026-04-21 17:38:44"
1513,34,96,"2026-04-21","","",126,"target_based",0,"File",0,0,"2026-04-22 08:51:54","2026-04-22 08:51:54"
1514,34,96,"2026-04-21","","",385,"target_based",0,"Scanning",0,0,"2026-04-22 08:52:07","2026-04-22 08:52:07"
1515,34,96,"2026-04-21","","",469,"target_based",0,"Exel",0,0,"2026-04-22 08:52:18","2026-04-22 08:52:18"
1516,102,165,"2026-04-21","07:40","19:15",0,"time_based",2362.5,"Staff outsourcing Per Person			",0,0,"2026-04-22 08:54:53","2026-04-22 08:54:53"
1517,102,166,"2026-04-21","07:40","19:16",0,"time_based",2362.5,"Staff outsourcing Per Person			",0,0,"2026-04-22 08:55:14","2026-04-22 08:55:14"
1518,36,99,"2026-04-21","","",703,"target_based",3.25,"Document Scanning A4 Size 			",0,0,"2026-04-22 08:57:19","2026-04-22 08:57:19"
1519,36,99,"2026-04-21","","",58,"target_based",1,"Indexing Charges for additional fields			",0,0,"2026-04-22 08:57:34","2026-04-22 08:57:34"
1520,18,130,"2026-04-21","","",1566,"target_based",3,"Converting Physical Documents to DIGITAL Images - A4 image 				",0,0,"2026-04-22 08:58:19","2026-04-22 08:58:19"
1521,18,130,"2026-04-21","","",12,"target_based",0,"File",0,0,"2026-04-22 08:58:29","2026-04-22 08:58:29"
1522,18,128,"2026-04-21","","",1901,"target_based",3,"Converting Physical Documents to DIGITAL Images - A4 image 				",0,0,"2026-04-22 08:59:18","2026-04-22 08:59:18"
1523,18,128,"2026-04-21","","",30,"target_based",0,"File",0,0,"2026-04-22 08:59:34","2026-04-22 08:59:34"
1524,18,102,"2026-04-21","","",1930,"target_based",3,"Converting Physical Documents to DIGITAL Images - A4 image 				",0,0,"2026-04-22 09:01:00","2026-04-22 09:01:00"
1525,18,102,"2026-04-21","","",30,"target_based",0,"File",0,0,"2026-04-22 09:01:22","2026-04-22 09:01:22"
1526,101,17,"2026-04-21","","",1451,"target_based",4.1,"Scanning",0,0,"2026-04-22 09:10:43","2026-04-22 09:10:43"
1527,101,17,"2026-04-21","","",25,"target_based",0,"File",0,0,"2026-04-22 09:10:54","2026-04-22 09:10:54"
1528,82,181,"2026-04-21","08:20","18:01",0,"time_based",1928.57,"Staff outsourcing ",0,0,"2026-04-22 09:12:17","2026-04-22 09:12:17"
1529,82,140,"2026-04-21","08:04","18:01",0,"time_based",1928.57,"Staff outsourcing ",0,0,"2026-04-22 09:13:17","2026-04-22 09:13:17"
1530,35,98,"2026-04-21","","",2401,"target_based",1.8,"Document scanning and digitizing 				",0,0,"2026-04-22 09:13:44","2026-04-22 09:13:44"
1531,14,39,"2026-04-21","","",126,"target_based",10,"MIRO Updating ",0,0,"2026-04-22 09:28:36","2026-04-22 09:28:36"
1532,14,40,"2026-04-21","","",156,"target_based",10,"MIRO Updating ",0,0,"2026-04-22 09:28:45","2026-04-22 09:28:45"
1533,14,41,"2026-04-21","","",120,"target_based",10,"MIRO Updating ",0,0,"2026-04-22 09:29:01","2026-04-22 09:29:01"
1534,14,42,"2026-04-21","","",592,"target_based",5.5,"Scaning						",0,0,"2026-04-22 09:29:16","2026-04-22 09:29:16"
1535,14,161,"2026-04-21","","",574,"target_based",0,"Preparation",0,0,"2026-04-22 09:29:32","2026-04-22 09:29:32"
1536,14,163,"2026-04-21","","",163,"target_based",10,"MIRO Updating ",0,0,"2026-04-22 09:29:48","2026-04-22 09:29:48"
1537,38,95,"2026-04-22","08:30","17:00",22,"time_based",45,"Policy Preparation",0,0,"2026-04-22 09:52:57","2026-04-22 09:52:57"
1538,38,122,"2026-04-22","08:30","17:00",20,"time_based",45,"Policy Preparation",0,0,"2026-04-22 09:53:27","2026-04-22 09:53:27"
1539,38,188,"2026-04-22","08:30","17:00",20,"time_based",45,"Policy Preparation",0,0,"2026-04-22 09:53:52","2026-04-22 09:53:52"
1540,11,27,"2026-04-22","08:34","17:05",0,"time_based",0.8,"1.2 VERIFICATION OF CONTRIBUTION AMOUNT",0,0,"2026-04-22 16:14:10","2026-04-22 16:14:10"
1541,11,28,"2026-04-22","08:15","17:01",0,"time_based",0.8,"1.2 VERIFICATION OF CONTRIBUTION AMOUNT",0,0,"2026-04-22 16:14:30","2026-04-22 16:14:30"
1542,11,29,"2026-04-22","08:23","17:05",0,"time_based",1.65,"2.1 DATA ENTRY WITH VERIFICATION OF PAYMENT YEAR AND MONTH",0,0,"2026-04-22 16:14:54","2026-04-22 16:14:54"
1543,11,47,"2026-04-22","08:49","17:05",0,"time_based",1.65,"2.1 DATA ENTRY WITH VERIFICATION OF PAYMENT YEAR AND MONTH",0,0,"2026-04-22 16:15:38","2026-04-22 16:15:38"
1544,18,130,"2026-04-22","","",1316,"target_based",3,"Converting Physical Documents to DIGITAL Images - A4 image 				",0,0,"2026-04-22 17:02:52","2026-04-22 17:02:52"
1545,18,130,"2026-04-22","","",40,"target_based",0,"File",0,0,"2026-04-22 17:03:06","2026-04-22 17:03:06"
1546,18,128,"2026-04-22","","",1432,"target_based",3,"Converting Physical Documents to DIGITAL Images - A4 image 				",0,0,"2026-04-22 17:04:08","2026-04-22 17:04:08"
1547,18,128,"2026-04-22","","",30,"target_based",0,"File",0,0,"2026-04-22 17:04:19","2026-04-22 17:04:19"
1548,18,102,"2026-04-22","","",1526,"target_based",3,"Converting Physical Documents to DIGITAL Images - A4 image 				",0,0,"2026-04-22 17:04:38","2026-04-22 17:04:38"
1549,18,102,"2026-04-22","","",32,"target_based",0,"File",0,0,"2026-04-22 17:04:51","2026-04-22 17:04:51"
1550,32,16,"2026-04-22","","",613,"target_based",10,"SCM3 Verification agreements count - Physical                              				",0,0,"2026-04-22 17:06:21","2026-04-22 17:06:21"
1551,32,90,"2026-04-22","","",814,"target_based",10,"SCM3 Verification agreements count - Physical                              				",0,0,"2026-04-22 17:06:39","2026-04-22 17:06:39"
1552,32,91,"2026-04-22","","",583,"target_based",10,"SCM3 Verification agreements count - Physical                              				",0,0,"2026-04-22 17:06:55","2026-04-22 17:06:55"
1553,30,78,"2026-04-22","08:30","17:00",0,"time_based",2,"Singhagiri Agreements Checking, NIC Number and data entry to excel report 				 				",0,0,"2026-04-22 17:08:04","2026-04-22 17:08:04"
1554,30,89,"2026-04-22","08:30","17:00",0,"time_based",2,"Singhagiri Agreements Checking, NIC Number and data entry to excel report 				 				",0,0,"2026-04-22 17:08:30","2026-04-22 17:08:30"
1555,101,17,"2026-04-22","","",1159,"target_based",4.1,"Scanning",0,0,"2026-04-22 17:09:34","2026-04-22 17:09:34"
1556,101,17,"2026-04-22","","",30,"target_based",0,"File",0,0,"2026-04-22 17:09:45","2026-04-22 17:09:45"
1557,20,61,"2026-04-22","","",2437,"target_based",0,"Data Entry",0,0,"2026-04-22 17:10:16","2026-04-22 17:10:16"
1558,20,110,"2026-04-22","","",950,"target_based",2.4,"SCANNING 			",0,0,"2026-04-22 17:10:33","2026-04-22 17:10:33"
1559,33,77,"2026-04-22","","",2228,"target_based",2.4,"Document scanning and digitizing 				",0,0,"2026-04-22 17:23:44","2026-04-22 17:23:44"
1560,33,92,"2026-04-22","","",2572,"target_based",2.4,"Document scanning and digitizing 				",0,0,"2026-04-22 17:23:59","2026-04-22 17:23:59"
1561,36,99,"2026-04-22","","",863,"target_based",3.25,"Document Scanning A4 Size 			",0,0,"2026-04-22 17:38:19","2026-04-22 17:38:19"
1562,36,99,"2026-04-22","","",66,"target_based",1,"Indexing Charges for additional fields			",0,0,"2026-04-22 17:38:34","2026-04-22 17:38:34"
1563,36,100,"2026-04-22","","",542,"target_based",3.25,"Document Scanning A4 Size 			",0,0,"2026-04-22 17:41:28","2026-04-22 17:41:28"
1564,36,100,"2026-04-22","","",50,"target_based",1,"Indexing Charges for additional fields			",0,0,"2026-04-22 17:41:40","2026-04-22 17:41:40"
1565,35,97,"2026-04-22","","",2050,"target_based",1.8,"Document scanning and digitizing 				",0,0,"2026-04-22 17:45:52","2026-04-22 17:45:52"
1566,35,98,"2026-04-22","","",2517,"target_based",1.8,"Document scanning and digitizing 				",0,0,"2026-04-22 17:46:10","2026-04-22 17:46:10"
1567,82,181,"2026-04-22","08:01","18:40",0,"time_based",1928.57,"Staff outsourcing ",0,0,"2026-04-23 07:56:40","2026-04-23 07:56:40"
1568,82,140,"2026-04-22","08:04","17:30",0,"time_based",1928.57,"Staff outsourcing ",0,0,"2026-04-23 07:57:12","2026-04-23 07:57:12"
1569,10,26,"2026-04-10","","",449,"target_based",5.25,"A3 and Above				",0,0,"2026-04-23 08:11:42","2026-04-23 08:11:42"
1570,10,26,"2026-04-10","","",3,"target_based",4.5,"Converting documents (Damaged or Fragile) using overhead book scanners				",0,0,"2026-04-23 08:11:55","2026-04-23 08:11:55"
1571,10,26,"2026-04-16","","",575,"target_based",5.25,"A3 and Above				",0,0,"2026-04-23 08:12:15","2026-04-23 08:12:15"
1572,10,26,"2026-04-17","","",707,"target_based",5.25,"A3 and Above				",0,0,"2026-04-23 08:12:51","2026-04-23 08:12:51"
1573,10,26,"2026-04-20","","",1174,"target_based",5.25,"A3 and Above				",0,0,"2026-04-23 08:13:10","2026-04-23 08:13:10"
1574,10,26,"2026-04-20","","",2,"target_based",4.5,"Converting documents (Damaged or Fragile) using overhead book scanners				",0,0,"2026-04-23 08:13:21","2026-04-23 08:13:21"
1575,10,26,"2026-04-21","","",355,"target_based",5.25,"A3 and Above				",0,0,"2026-04-23 08:17:48","2026-04-23 08:17:48"
1576,10,26,"2026-04-21","","",16,"target_based",4.5,"Converting documents (Damaged or Fragile) using overhead book scanners				",0,0,"2026-04-23 08:17:59","2026-04-23 08:17:59"
1577,29,88,"2026-04-10","","",1389,"target_based",2.75,"DOCUMENT SCANNING-  Less than 500,000 page",0,0,"2026-04-23 08:20:09","2026-04-23 08:20:09"
1578,29,88,"2026-04-16","","",798,"target_based",2.75,"DOCUMENT SCANNING-  Less than 500,000 page",0,0,"2026-04-23 08:20:38","2026-04-23 08:20:38"
1579,29,88,"2026-04-20","","",1003,"target_based",2.75,"DOCUMENT SCANNING-  Less than 500,000 page",0,0,"2026-04-23 08:20:56","2026-04-23 08:20:56"
1580,29,88,"2026-04-22","","",1201,"target_based",2.75,"DOCUMENT SCANNING-  Less than 500,000 page",0,0,"2026-04-23 08:21:12","2026-04-23 08:21:12"
1581,26,139,"2026-04-09","","",563,"target_based",3.51,"To Convert Physical Documents to DIGITAL Images  (Up to A4/legal)				",0,0,"2026-04-23 08:31:59","2026-04-23 08:31:59"
1582,26,139,"2026-04-10","","",600,"target_based",3.51,"To Convert Physical Documents to DIGITAL Images  (Up to A4/legal)				",0,0,"2026-04-23 08:32:13","2026-04-23 08:32:13"
1583,26,139,"2026-04-16","","",593,"target_based",3.51,"To Convert Physical Documents to DIGITAL Images  (Up to A4/legal)				",0,0,"2026-04-23 08:32:27","2026-04-23 08:32:27"
1584,8,23,"2026-04-15","","",2927,"target_based",4.3,"Scaning",0,0,"2026-04-23 08:33:04","2026-04-23 08:33:04"
1585,8,23,"2026-04-16","","",3419,"target_based",4.3,"Scaning",0,0,"2026-04-23 08:33:21","2026-04-23 08:33:21"
1586,8,23,"2026-04-17","","",3927,"target_based",4.3,"Scaning",0,0,"2026-04-23 08:33:38","2026-04-23 08:33:38"
1587,8,23,"2026-04-20","","",2920,"target_based",4.3,"Scaning",0,0,"2026-04-23 08:33:54","2026-04-23 08:33:54"
1588,23,72,"2026-04-10","","",513,"target_based",3.25,"Converting Physical Documents to DIGITAL Images - Article A4 image				",0,0,"2026-04-23 08:39:00","2026-04-23 08:39:00"
1589,23,72,"2026-04-16","","",500,"target_based",3.25,"Converting Physical Documents to DIGITAL Images - Article A4 image				",0,0,"2026-04-23 08:39:22","2026-04-23 08:39:22"
1590,23,72,"2026-04-17","","",455,"target_based",3.25,"Converting Physical Documents to DIGITAL Images - Article A4 image				",0,0,"2026-04-23 08:39:38","2026-04-23 08:39:38"
1591,23,72,"2026-04-20","","",470,"target_based",3.25,"Converting Physical Documents to DIGITAL Images - Article A4 image				",0,0,"2026-04-23 08:39:53","2026-04-23 08:39:53"
1592,23,72,"2026-04-21","","",508,"target_based",3.25,"Converting Physical Documents to DIGITAL Images - Article A4 image				",0,0,"2026-04-23 08:40:10","2026-04-23 08:40:10"
1593,102,165,"2026-04-22","07:42","17:05",0,"time_based",2362.5,"Staff outsourcing Per Person			",0,0,"2026-04-23 08:47:41","2026-04-23 08:47:41"
1594,102,166,"2026-04-22","07:42","17:00",0,"time_based",2362.5,"Staff outsourcing Per Person			",0,0,"2026-04-23 08:48:04","2026-04-23 08:48:04"
1595,102,166,"2026-04-11","07:40","17:02",0,"time_based",2362.5,"Staff outsourcing Per Person			",0,0,"2026-04-23 08:48:37","2026-04-23 08:48:37"
1596,102,166,"2026-04-18","07:25","17:00",0,"time_based",2362.5,"Staff outsourcing Per Person			",0,0,"2026-04-23 08:49:11","2026-04-23 08:49:11"
1597,34,96,"2026-04-22","","",128,"target_based",0,"File",0,0,"2026-04-23 08:52:56","2026-04-23 08:52:56"
1598,34,96,"2026-04-22","","",352,"target_based",0,"Scanning",0,0,"2026-04-23 08:53:16","2026-04-23 08:53:16"
1599,34,96,"2026-04-22","","",592,"target_based",0,"Exel",0,0,"2026-04-23 08:53:33","2026-04-23 08:53:33"
1600,6,76,"2026-04-20","","",583,"target_based",2.74,"""Scanning and indexing service for Leasing Applications – A4 & Below Indexes: Facility Number Output :200dpi / B&W/ PDF""				",0,0,"2026-04-23 08:54:39","2026-04-23 08:54:39"
1601,6,76,"2026-04-20","","",53,"target_based",0,"File",0,0,"2026-04-23 08:54:52","2026-04-23 08:54:52"
1602,6,106,"2026-04-20","","",718,"target_based",2.74,"""Scanning and indexing service for Leasing Applications – A4 & Below Indexes: Facility Number Output :200dpi / B&W/ PDF""				",0,0,"2026-04-23 08:55:05","2026-04-23 08:55:05"
1603,6,106,"2026-04-20","","",65,"target_based",0,"File",0,0,"2026-04-23 08:55:19","2026-04-23 08:55:19"
1604,14,39,"2026-04-22","","",210,"target_based",10,"MIRO Updating ",0,0,"2026-04-23 08:55:24","2026-04-23 08:55:24"
1605,14,40,"2026-04-22","","",196,"target_based",10,"MIRO Updating ",0,0,"2026-04-23 08:55:36","2026-04-23 08:55:36"
1606,14,41,"2026-04-22","","",149,"target_based",10,"MIRO Updating ",0,0,"2026-04-23 08:55:47","2026-04-23 08:55:47"
1607,6,108,"2026-04-20","","",555,"target_based",2.74,"""Scanning and indexing service for Leasing Applications – A4 & Below Indexes: Facility Number Output :200dpi / B&W/ PDF""				",0,0,"2026-04-23 08:55:51","2026-04-23 08:55:51"
1608,6,108,"2026-04-20","","",51,"target_based",0,"File",0,0,"2026-04-23 08:56:08","2026-04-23 08:56:08"
1609,14,42,"2026-04-22","","",465,"target_based",5.5,"Scaning						",0,0,"2026-04-23 08:56:08","2026-04-23 08:56:08"
1610,14,161,"2026-04-22","","",547,"target_based",0,"Preparation",0,0,"2026-04-23 08:56:26","2026-04-23 08:56:26"
1611,6,107,"2026-04-20","","",625,"target_based",2.74,"""Scanning and indexing service for Leasing Applications – A4 & Below Indexes: Facility Number Output :200dpi / B&W/ PDF""				",0,0,"2026-04-23 08:56:34","2026-04-23 08:56:34"
1612,6,107,"2026-04-20","","",60,"target_based",0,"File",0,0,"2026-04-23 08:56:48","2026-04-23 08:56:48"
1613,6,76,"2026-04-21","","",772,"target_based",2.74,"""Scanning and indexing service for Leasing Applications – A4 & Below Indexes: Facility Number Output :200dpi / B&W/ PDF""				",0,0,"2026-04-23 08:57:11","2026-04-23 08:57:11"
1614,6,76,"2026-04-21","","",70,"target_based",0,"File",0,0,"2026-04-23 08:57:21","2026-04-23 08:57:21"
1615,6,106,"2026-04-21","","",780,"target_based",2.74,"""Scanning and indexing service for Leasing Applications – A4 & Below Indexes: Facility Number Output :200dpi / B&W/ PDF""				",0,0,"2026-04-23 08:57:33","2026-04-23 08:57:33"
1616,6,106,"2026-04-21","","",70,"target_based",0,"File",0,0,"2026-04-23 08:57:43","2026-04-23 08:57:43"
1617,6,107,"2026-04-21","","",719,"target_based",2.74,"""Scanning and indexing service for Leasing Applications – A4 & Below Indexes: Facility Number Output :200dpi / B&W/ PDF""				",0,0,"2026-04-23 08:57:57","2026-04-23 08:57:57"
1618,6,107,"2026-04-21","","",70,"target_based",0,"File",0,0,"2026-04-23 08:58:06","2026-04-23 08:58:06"
1619,6,108,"2026-04-21","","",640,"target_based",2.74,"""Scanning and indexing service for Leasing Applications – A4 & Below Indexes: Facility Number Output :200dpi / B&W/ PDF""				",0,0,"2026-04-23 08:58:23","2026-04-23 08:58:23"
1620,6,108,"2026-04-21","","",60,"target_based",0,"File",0,0,"2026-04-23 08:58:38","2026-04-23 08:58:38"
1621,6,109,"2026-04-21","","",766,"target_based",2.74,"""Scanning and indexing service for Leasing Applications – A4 & Below Indexes: Facility Number Output :200dpi / B&W/ PDF""				",0,0,"2026-04-23 08:58:52","2026-04-23 08:58:52"
1622,6,109,"2026-04-21","","",70,"target_based",0,"File",0,0,"2026-04-23 08:59:04","2026-04-23 08:59:04"
1623,6,76,"2026-04-22","","",840,"target_based",2.74,"""Scanning and indexing service for Leasing Applications – A4 & Below Indexes: Facility Number Output :200dpi / B&W/ PDF""				",0,0,"2026-04-23 08:59:27","2026-04-23 08:59:27"
1624,6,76,"2026-04-22","","",76,"target_based",0,"File",0,0,"2026-04-23 08:59:36","2026-04-23 08:59:36"
1625,6,106,"2026-04-22","","",774,"target_based",2.74,"""Scanning and indexing service for Leasing Applications – A4 & Below Indexes: Facility Number Output :200dpi / B&W/ PDF""				",0,0,"2026-04-23 08:59:50","2026-04-23 08:59:50"
1626,6,106,"2026-04-22","","",70,"target_based",0,"File",0,0,"2026-04-23 09:00:00","2026-04-23 09:00:00"
1627,6,107,"2026-04-22","","",715,"target_based",2.74,"""Scanning and indexing service for Leasing Applications – A4 & Below Indexes: Facility Number Output :200dpi / B&W/ PDF""				",0,0,"2026-04-23 09:00:13","2026-04-23 09:00:13"
1628,6,107,"2026-04-22","","",70,"target_based",0,"File",0,0,"2026-04-23 09:00:23","2026-04-23 09:00:23"
1629,6,108,"2026-04-22","","",698,"target_based",2.74,"""Scanning and indexing service for Leasing Applications – A4 & Below Indexes: Facility Number Output :200dpi / B&W/ PDF""				",0,0,"2026-04-23 09:00:39","2026-04-23 09:00:39"
1630,6,108,"2026-04-22","","",65,"target_based",0,"File",0,0,"2026-04-23 09:00:48","2026-04-23 09:00:48"
1631,6,109,"2026-04-22","","",767,"target_based",2.74,"""Scanning and indexing service for Leasing Applications – A4 & Below Indexes: Facility Number Output :200dpi / B&W/ PDF""				",0,0,"2026-04-23 09:01:02","2026-04-23 09:01:02"
1632,6,109,"2026-04-22","","",70,"target_based",0,"File",0,0,"2026-04-23 09:01:12","2026-04-23 09:01:12"
1633,83,136,"2026-04-20","","",1751,"target_based",3.75,"Scanning",0,0,"2026-04-23 09:02:18","2026-04-23 09:02:18"
1634,83,136,"2026-04-20","","",21,"target_based",0,"File",0,0,"2026-04-23 09:02:32","2026-04-23 09:02:32"
1635,15,43,"2026-04-10","","",447,"target_based",3.25,"SUMMARY COUNT",0,0,"2026-04-23 09:03:57","2026-04-23 09:03:57"
1636,15,43,"2026-04-10","","",290,"target_based",3.23,"ENDOSCOPIES",0,0,"2026-04-23 09:04:13","2026-04-23 09:04:13"
1637,15,43,"2026-04-16","","",504,"target_based",3.25,"SUMMARY COUNT",0,0,"2026-04-23 09:04:35","2026-04-23 09:04:35"
1638,15,43,"2026-04-16","","",111,"target_based",3.23,"ENDOSCOPIES",0,0,"2026-04-23 09:04:49","2026-04-23 09:04:49"
1639,15,43,"2026-04-17","","",643,"target_based",3.25,"SUMMARY COUNT",0,0,"2026-04-23 09:05:25","2026-04-23 09:05:25"
1640,15,43,"2026-04-17","","",92,"target_based",3.23,"ENDOSCOPIES",0,0,"2026-04-23 09:05:39","2026-04-23 09:05:39"
1641,15,43,"2026-04-20","","",482,"target_based",3.25,"SUMMARY COUNT",0,0,"2026-04-23 09:05:58","2026-04-23 09:05:58"
1642,15,43,"2026-04-20","","",146,"target_based",3.23,"ENDOSCOPIES",0,0,"2026-04-23 09:06:12","2026-04-23 09:06:12"
1643,15,43,"2026-04-20","","",82,"target_based",3.25,"BILLING CARDS",0,0,"2026-04-23 09:06:26","2026-04-23 09:06:26"
1644,15,43,"2026-04-21","","",418,"target_based",3.25,"BILLING CARDS",0,0,"2026-04-23 09:06:40","2026-04-23 09:06:40"
1645,27,83,"2026-04-20","","",377,"target_based",2.9,"DOCUMENT SCANNING A4",0,0,"2026-04-23 09:11:37","2026-04-23 09:11:37"
1646,27,86,"2026-04-20","","",668,"target_based",2.9,"DOCUMENT SCANNING A4",0,0,"2026-04-23 09:11:59","2026-04-23 09:11:59"
1647,27,84,"2026-04-20","","",969,"target_based",2.9,"DOCUMENT SCANNING A4",0,0,"2026-04-23 09:12:45","2026-04-23 09:12:45"
1648,27,83,"2026-04-22","","",74,"target_based",2.9,"DOCUMENT SCANNING A4",0,0,"2026-04-23 09:35:19","2026-04-23 09:35:19"
1649,27,86,"2026-04-22","","",110,"target_based",2.9,"DOCUMENT SCANNING A4",0,0,"2026-04-23 09:35:42","2026-04-23 09:35:42"
1650,27,84,"2026-04-22","","",1100,"target_based",2.9,"DOCUMENT SCANNING A4",0,0,"2026-04-23 09:36:02","2026-04-23 09:36:02"
1651,27,85,"2026-04-22","","",699,"target_based",2.9,"DOCUMENT SCANNING A4",0,0,"2026-04-23 09:36:25","2026-04-23 09:36:25"
1652,27,83,"2026-04-21","","",1041,"target_based",2.9,"DOCUMENT SCANNING A4",0,0,"2026-04-23 09:37:26","2026-04-23 09:37:26"
1653,27,85,"2026-04-21","","",1306,"target_based",2.9,"DOCUMENT SCANNING A4",0,0,"2026-04-23 09:37:51","2026-04-23 09:37:51"
1654,27,84,"2026-04-21","","",1029,"target_based",2.9,"DOCUMENT SCANNING A4",0,0,"2026-04-23 10:21:33","2026-04-23 10:21:33"
1655,25,127,"2026-04-09","","",444,"target_based",4.5,"Converting Physical Documents to digital Images using book scanner (Bounded documents and A3 size)			",0,0,"2026-04-23 10:33:43","2026-04-23 10:33:43"
1656,25,127,"2026-04-10","","",539,"target_based",4.5,"Converting Physical Documents to digital Images using book scanner (Bounded documents and A3 size)			",0,0,"2026-04-23 10:33:59","2026-04-23 10:33:59"
1657,25,127,"2026-04-16","","",355,"target_based",4.5,"Converting Physical Documents to digital Images using book scanner (Bounded documents and A3 size)			",0,0,"2026-04-23 10:34:25","2026-04-23 10:34:25"
1658,25,127,"2026-04-17","","",409,"target_based",4.5,"Converting Physical Documents to digital Images using book scanner (Bounded documents and A3 size)			",0,0,"2026-04-23 10:34:42","2026-04-23 10:34:42"
1659,25,127,"2026-04-20","","",593,"target_based",4.5,"Converting Physical Documents to digital Images using book scanner (Bounded documents and A3 size)			",0,0,"2026-04-23 10:34:56","2026-04-23 10:34:56"
1660,25,127,"2026-04-21","","",578,"target_based",4.5,"Converting Physical Documents to digital Images using book scanner (Bounded documents and A3 size)			",0,0,"2026-04-23 10:35:13","2026-04-23 10:35:13"
1661,15,43,"2026-04-22","","",317,"target_based",3.25,"SUMMARY COUNT",0,0,"2026-04-23 14:11:52","2026-04-23 14:11:52"
1662,15,43,"2026-04-22","","",119,"target_based",3.25,"BILLING CARDS",0,0,"2026-04-23 14:12:03","2026-04-23 14:12:03"
1663,11,28,"2026-04-23","08:13","17:02",0,"time_based",0.8,"1.2 VERIFICATION OF CONTRIBUTION AMOUNT",0,0,"2026-04-23 16:16:10","2026-04-23 16:16:10"
1664,11,27,"2026-04-23","08:29","17:03",0,"time_based",0.8,"1.2 VERIFICATION OF CONTRIBUTION AMOUNT",0,0,"2026-04-23 16:16:40","2026-04-23 16:16:40"
1665,11,29,"2026-04-23","08:26","17:05",0,"time_based",1.65,"2.1 DATA ENTRY WITH VERIFICATION OF PAYMENT YEAR AND MONTH",0,0,"2026-04-23 16:17:34","2026-04-23 16:17:34"
1666,11,47,"2026-04-23","08:47","17:06",0,"time_based",1.65,"2.1 DATA ENTRY WITH VERIFICATION OF PAYMENT YEAR AND MONTH",0,0,"2026-04-23 16:18:23","2026-04-23 16:18:23"
1667,30,89,"2026-04-23","","",383,"time_based",2,"Singhagiri Agreements Checking, NIC Number and data entry to excel report 				 				",0,0,"2026-04-23 16:49:46","2026-04-23 16:49:46"
1668,30,78,"2026-04-23","20:30","17:00",0,"time_based",2,"Singhagiri Agreements Checking, NIC Number and data entry to excel report 				 				",0,0,"2026-04-23 16:50:15","2026-04-23 16:50:15"
1669,33,92,"2026-04-23","","",1883,"target_based",2.4,"Document scanning and digitizing 				",0,0,"2026-04-23 16:57:19","2026-04-23 16:57:19"
1670,32,16,"2026-04-23","","",450,"target_based",10,"SCM3 Verification agreements count - Physical                              				",0,0,"2026-04-23 16:59:47","2026-04-23 16:59:47"
1671,32,90,"2026-04-23","","",803,"target_based",10,"SCM3 Verification agreements count - Physical                              				",0,0,"2026-04-23 17:00:04","2026-04-23 17:00:04"
1672,32,91,"2026-04-23","","",443,"target_based",10,"SCM3 Verification agreements count - Physical                              				",0,0,"2026-04-23 17:00:16","2026-04-23 17:00:16"
1673,32,148,"2026-04-23","","",26,"target_based",10,"SCM3 Verification agreements count - Physical                              				",0,0,"2026-04-23 17:04:36","2026-04-23 17:04:36"
1674,20,61,"2026-04-23","","",278,"target_based",2.4,"SCANNING 			",0,0,"2026-04-23 17:10:26","2026-04-23 17:10:26"
1675,20,110,"2026-04-23","","",1001,"target_based",2.4,"SCANNING 			",0,0,"2026-04-23 17:21:24","2026-04-23 17:21:24"
1676,3,8,"2026-04-02","","",3674,"target_based",1.8,"Document scanning and digitizing 				",0,0,"2026-04-23 17:39:45","2026-04-23 17:39:45"
1677,3,9,"2026-04-02","","",2945,"target_based",1.8,"Document scanning and digitizing 				",0,0,"2026-04-23 17:40:03","2026-04-23 17:40:03"
1678,3,7,"2026-04-02","","",2721,"target_based",1.8,"Document scanning and digitizing 				",0,0,"2026-04-23 17:40:26","2026-04-23 17:40:26"
1679,3,6,"2026-04-03","","",3090,"target_based",1.8,"Document scanning and digitizing 				",0,0,"2026-04-23 17:41:14","2026-04-23 17:41:14"
1680,3,8,"2026-04-03","","",3669,"target_based",1.8,"Document scanning and digitizing 				",0,0,"2026-04-23 17:41:36","2026-04-23 17:41:36"
1681,3,9,"2026-04-03","","",3088,"target_based",1.8,"Document scanning and digitizing 				",0,0,"2026-04-23 17:41:48","2026-04-23 17:41:48"
1686,3,6,"2026-04-06","","",3355,"target_based",1.8,"Document scanning and digitizing 				",0,0,"2026-04-23 17:44:52","2026-04-23 17:44:52"
1687,3,7,"2026-04-06","","",2734,"target_based",1.8,"Document scanning and digitizing 				",0,0,"2026-04-23 17:45:02","2026-04-23 17:45:02"
1688,3,8,"2026-04-06","","",3738,"target_based",1.8,"Document scanning and digitizing 				",0,0,"2026-04-23 17:45:17","2026-04-23 17:45:17"
1689,3,9,"2026-04-06","","",3244,"target_based",1.8,"Document scanning and digitizing 				",0,0,"2026-04-23 17:45:29","2026-04-23 17:45:29"
1690,3,6,"2026-04-07","","",3942,"target_based",1.8,"Document scanning and digitizing 				",0,0,"2026-04-23 17:46:18","2026-04-23 17:46:18"
1691,3,7,"2026-04-07","","",2831,"target_based",1.8,"Document scanning and digitizing 				",0,0,"2026-04-23 17:46:31","2026-04-23 17:46:31"
1692,3,8,"2026-04-07","","",2744,"target_based",1.8,"Document scanning and digitizing 				",0,0,"2026-04-23 17:46:44","2026-04-23 17:46:44"
1693,3,9,"2026-04-07","","",3020,"target_based",1.8,"Document scanning and digitizing 				",0,0,"2026-04-23 17:47:19","2026-04-23 17:47:19"
1694,3,6,"2026-04-08","","",3803,"target_based",1.8,"Document scanning and digitizing 				",0,0,"2026-04-23 17:49:01","2026-04-23 17:49:01"
1695,3,7,"2026-04-08","","",3001,"target_based",1.8,"Document scanning and digitizing 				",0,0,"2026-04-23 17:49:10","2026-04-23 17:49:10"
1696,3,8,"2026-04-08","","",3555,"target_based",1.8,"Document scanning and digitizing 				",0,0,"2026-04-23 17:49:21","2026-04-23 17:49:21"
1697,3,9,"2026-04-08","","",3030,"target_based",1.8,"Document scanning and digitizing 				",0,0,"2026-04-23 17:49:31","2026-04-23 17:49:31"
1698,3,6,"2026-04-09","","",3236,"target_based",1.8,"Document scanning and digitizing 				",0,0,"2026-04-23 17:50:11","2026-04-23 17:50:11"
1699,3,7,"2026-04-09","","",2696,"target_based",1.8,"Document scanning and digitizing 				",0,0,"2026-04-23 17:50:30","2026-04-23 17:50:30"
1700,3,9,"2026-04-09","","",3229,"target_based",1.8,"Document scanning and digitizing 				",0,0,"2026-04-23 17:50:41","2026-04-23 17:50:41"
1701,3,6,"2026-04-10","","",2619,"target_based",1.8,"Document scanning and digitizing 				",0,0,"2026-04-23 17:51:06","2026-04-23 17:51:06"
1702,3,7,"2026-04-10","","",2472,"target_based",1.8,"Document scanning and digitizing 				",0,0,"2026-04-23 17:51:16","2026-04-23 17:51:16"
1703,3,8,"2026-04-10","","",4110,"target_based",1.8,"Document scanning and digitizing 				",0,0,"2026-04-23 17:51:28","2026-04-23 17:51:28"
1704,3,9,"2026-04-10","","",3414,"target_based",1.8,"Document scanning and digitizing 				",0,0,"2026-04-23 17:51:40","2026-04-23 17:51:40"
1705,3,7,"2026-04-11","","",2991,"target_based",1.8,"Document scanning and digitizing 				",0,0,"2026-04-23 17:52:08","2026-04-23 17:52:08"
1706,3,8,"2026-04-11","","",3016,"target_based",1.8,"Document scanning and digitizing 				",0,0,"2026-04-23 17:52:17","2026-04-23 17:52:17"
1707,3,9,"2026-04-11","","",1752,"target_based",1.8,"Document scanning and digitizing 				",0,0,"2026-04-23 17:52:28","2026-04-23 17:52:28"
1708,3,6,"2026-04-16","","",3472,"target_based",1.8,"Document scanning and digitizing 				",0,0,"2026-04-23 17:53:07","2026-04-23 17:53:07"
1709,3,7,"2026-04-16","","",1891,"target_based",1.8,"Document scanning and digitizing 				",0,0,"2026-04-23 17:53:22","2026-04-23 17:53:22"
1710,3,8,"2026-04-16","","",4111,"target_based",1.8,"Document scanning and digitizing 				",0,0,"2026-04-23 17:53:55","2026-04-23 17:53:55"
1711,3,9,"2026-04-16","","",2796,"target_based",1.8,"Document scanning and digitizing 				",0,0,"2026-04-23 17:54:07","2026-04-23 17:54:07"
1712,3,6,"2026-04-17","","",3548,"target_based",1.8,"Document scanning and digitizing 				",0,0,"2026-04-23 17:54:45","2026-04-23 17:54:45"
1713,3,7,"2026-04-17","","",3181,"target_based",1.8,"Document scanning and digitizing 				",0,0,"2026-04-23 17:54:54","2026-04-23 17:54:54"
1714,3,8,"2026-04-17","","",4364,"target_based",1.8,"Document scanning and digitizing 				",0,0,"2026-04-23 17:55:06","2026-04-23 17:55:06"
1715,3,9,"2026-04-17","","",3160,"target_based",1.8,"Document scanning and digitizing 				",0,0,"2026-04-23 17:55:15","2026-04-23 17:55:15"
1716,3,6,"2026-04-20","","",2479,"target_based",1.8,"Document scanning and digitizing 				",0,0,"2026-04-23 17:56:05","2026-04-23 17:56:05"
1717,3,7,"2026-04-20","","",2785,"target_based",1.8,"Document scanning and digitizing 				",0,0,"2026-04-23 17:56:14","2026-04-23 17:56:14"
1718,3,8,"2026-04-20","","",3738,"target_based",1.8,"Document scanning and digitizing 				",0,0,"2026-04-23 17:56:25","2026-04-23 17:56:25"
1719,3,9,"2026-04-20","","",3521,"target_based",1.8,"Document scanning and digitizing 				",0,0,"2026-04-23 17:56:35","2026-04-23 17:56:35"
1720,3,6,"2026-04-21","","",3534,"target_based",1.8,"Document scanning and digitizing 				",0,0,"2026-04-23 17:57:04","2026-04-23 17:57:04"
1721,3,7,"2026-04-21","","",3067,"target_based",1.8,"Document scanning and digitizing 				",0,0,"2026-04-23 17:57:12","2026-04-23 17:57:12"
1722,3,8,"2026-04-21","","",4523,"target_based",1.8,"Document scanning and digitizing 				",0,0,"2026-04-23 17:57:25","2026-04-23 17:57:25"
1723,3,9,"2026-04-21","","",3501,"target_based",1.8,"Document scanning and digitizing 				",0,0,"2026-04-23 17:57:36","2026-04-23 17:57:36"
1724,3,6,"2026-04-22","","",3704,"target_based",1.8,"Document scanning and digitizing 				",0,0,"2026-04-23 17:58:04","2026-04-23 17:58:04"
1725,3,7,"2026-04-22","","",3061,"target_based",1.8,"Document scanning and digitizing 				",0,0,"2026-04-23 17:58:13","2026-04-23 17:58:13"
1726,3,8,"2026-04-22","","",4716,"target_based",1.8,"Document scanning and digitizing 				",0,0,"2026-04-23 17:58:26","2026-04-23 17:58:26"
1727,3,9,"2026-04-22","","",3327,"target_based",1.8,"Document scanning and digitizing 				",0,0,"2026-04-23 17:58:36","2026-04-23 17:58:36"
1728,18,102,"2026-04-23","","",1294,"target_based",3,"Converting Physical Documents to DIGITAL Images - A4 image 				",0,0,"2026-04-23 18:39:17","2026-04-23 18:39:17"
1729,18,102,"2026-04-23","","",30,"target_based",0,"File",0,0,"2026-04-23 18:39:46","2026-04-23 18:39:46"
1730,18,128,"2026-04-23","","",1451,"target_based",3,"Converting Physical Documents to DIGITAL Images - A4 image 				",0,0,"2026-04-23 18:40:16","2026-04-23 18:40:16"
1731,18,128,"2026-04-23","","",30,"target_based",0,"File",0,0,"2026-04-23 18:40:29","2026-04-23 18:40:29"
1732,18,130,"2026-04-23","","",1525,"target_based",3,"Converting Physical Documents to DIGITAL Images - A4 image 				",0,0,"2026-04-23 18:41:02","2026-04-23 18:41:02"
1733,18,130,"2026-04-23","","",40,"target_based",0,"File",0,0,"2026-04-23 18:41:14","2026-04-23 18:41:14"
1734,36,99,"2026-04-23","","",901,"target_based",3.25,"Document Scanning A4 Size 			",0,0,"2026-04-23 18:41:50","2026-04-23 18:41:50"
1735,36,99,"2026-04-23","","",72,"target_based",1,"Indexing Charges for additional fields			",0,0,"2026-04-23 18:42:03","2026-04-23 18:42:03"
1736,36,100,"2026-04-23","","",505,"target_based",3.25,"Document Scanning A4 Size 			",0,0,"2026-04-23 18:42:15","2026-04-23 18:42:15"
1737,36,100,"2026-04-23","","",46,"target_based",1,"Indexing Charges for additional fields			",0,0,"2026-04-23 18:42:38","2026-04-23 18:42:38"
1738,34,96,"2026-04-23","","",119,"target_based",0,"File",0,0,"2026-04-23 18:43:10","2026-04-23 18:43:10"
1739,34,96,"2026-04-23","","",360,"target_based",0,"Scanning",0,0,"2026-04-23 18:43:25","2026-04-23 18:43:25"
1740,34,96,"2026-04-23","","",468,"target_based",0,"Exel",0,0,"2026-04-23 18:43:38","2026-04-23 18:43:38"
1741,101,17,"2026-04-23","","",769,"target_based",4.1,"Scanning",0,0,"2026-04-23 18:44:09","2026-04-23 18:44:09"
1742,101,17,"2026-04-23","","",769,"target_based",4.1,"Scanning",0,0,"2026-04-23 18:44:22","2026-04-23 18:44:22"
1743,35,97,"2026-04-23","","",2095,"target_based",1.8,"Document scanning and digitizing 				",0,0,"2026-04-23 20:20:50","2026-04-23 20:20:50"
1744,35,98,"2026-04-23","","",2216,"target_based",1.8,"Document scanning and digitizing 				",0,0,"2026-04-23 20:21:04","2026-04-23 20:21:04"
1745,102,165,"2026-04-23","07:35","19:15",0,"time_based",2362.5,"Staff outsourcing Per Person			",0,0,"2026-04-23 20:22:01","2026-04-23 20:22:01"
1746,102,166,"2026-04-23","07:35","19:15",0,"time_based",2362.5,"Staff outsourcing Per Person			",0,0,"2026-04-23 20:22:23","2026-04-23 20:22:23"
1747,14,39,"2026-04-23","","",174,"target_based",10,"MIRO Updating ",0,0,"2026-04-24 09:44:53","2026-04-24 09:44:53"
1748,14,40,"2026-04-23","","",200,"target_based",10,"MIRO Updating ",0,0,"2026-04-24 09:45:04","2026-04-24 09:45:04"
1749,14,41,"2026-04-23","","",151,"target_based",10,"MIRO Updating ",0,0,"2026-04-24 09:45:22","2026-04-24 09:45:22"
1750,14,42,"2026-04-23","","",825,"target_based",5.5,"Scaning						",0,0,"2026-04-24 09:45:47","2026-04-24 09:45:47"
1751,14,161,"2026-04-23","","",707,"target_based",0,"Preparation",0,0,"2026-04-24 09:45:58","2026-04-24 09:45:58"
1752,14,163,"2026-04-23","","",1,"target_based",10,"MIRO Updating ",0,0,"2026-04-24 09:46:09","2026-04-24 09:46:09"
1753,82,135,"2026-04-23","08:35","19:00",0,"time_based",1928.57,"Staff outsourcing ",0,0,"2026-04-24 10:04:13","2026-04-24 10:04:13"
1754,82,141,"2026-04-23","08:35","19:00",0,"time_based",1928.57,"Staff outsourcing ",0,0,"2026-04-24 10:04:53","2026-04-24 10:04:53"
1755,82,140,"2026-04-23","08:25","17:30",0,"time_based",1928.57,"Staff outsourcing ",0,0,"2026-04-24 10:05:25","2026-04-24 10:05:25"
1756,82,181,"2026-04-23","08:25","05:25",0,"time_based",1928.57,"Staff outsourcing ",0,0,"2026-04-24 10:06:16","2026-04-24 10:06:16"
1757,6,76,"2026-04-23","","",829,"target_based",2.74,"""Scanning and indexing service for Leasing Applications – A4 & Below Indexes: Facility Number Output :200dpi / B&W/ PDF""				",0,0,"2026-04-24 11:05:31","2026-04-24 11:05:31"
1758,6,76,"2026-04-23","","",75,"target_based",0,"File",0,0,"2026-04-24 11:05:42","2026-04-24 11:05:42"
1759,6,106,"2026-04-23","","",777,"target_based",2.74,"""Scanning and indexing service for Leasing Applications – A4 & Below Indexes: Facility Number Output :200dpi / B&W/ PDF""				",0,0,"2026-04-24 11:05:56","2026-04-24 11:05:56"
1760,6,106,"2026-04-23","","",70,"target_based",0,"File",0,0,"2026-04-24 11:06:08","2026-04-24 11:06:08"
1761,6,107,"2026-04-23","","",722,"target_based",2.74,"""Scanning and indexing service for Leasing Applications – A4 & Below Indexes: Facility Number Output :200dpi / B&W/ PDF""				",0,0,"2026-04-24 11:07:14","2026-04-24 11:07:14"
1762,6,107,"2026-04-23","","",70,"target_based",0,"File",0,0,"2026-04-24 11:07:23","2026-04-24 11:07:23"
1763,6,108,"2026-04-23","","",753,"target_based",2.74,"""Scanning and indexing service for Leasing Applications – A4 & Below Indexes: Facility Number Output :200dpi / B&W/ PDF""				",0,0,"2026-04-24 11:07:36","2026-04-24 11:07:36"
1764,6,108,"2026-04-23","","",70,"target_based",0,"File",0,0,"2026-04-24 11:07:46","2026-04-24 11:07:46"
1765,6,109,"2026-04-23","","",769,"target_based",2.74,"""Scanning and indexing service for Leasing Applications – A4 & Below Indexes: Facility Number Output :200dpi / B&W/ PDF""				",0,0,"2026-04-24 11:07:59","2026-04-24 11:07:59"
1766,6,109,"2026-04-23","","",70,"target_based",0,"File",0,0,"2026-04-24 11:08:09","2026-04-24 11:08:09"
1767,103,167,"2026-04-01","","",500,"target_based",15,"SCM3 Verification agreements count - Online          ",0,0,"2026-04-24 14:01:26","2026-04-24 14:01:26"
1768,103,167,"2026-04-02","","",835,"target_based",15,"SCM3 Verification agreements count - Online          ",0,0,"2026-04-24 14:01:45","2026-04-24 14:01:45"
1769,103,167,"2026-04-03","","",315,"target_based",15,"SCM3 Verification agreements count - Online          ",0,0,"2026-04-24 14:02:02","2026-04-24 14:02:02"
1770,103,167,"2026-04-04","","",309,"target_based",15,"SCM3 Verification agreements count - Online          ",0,0,"2026-04-24 14:02:19","2026-04-24 14:02:19"
1771,103,167,"2026-04-05","","",72,"target_based",15,"SCM3 Verification agreements count - Online          ",0,0,"2026-04-24 14:02:32","2026-04-24 14:02:32"
1772,103,167,"2026-04-07","","",627,"target_based",15,"SCM3 Verification agreements count - Online          ",0,0,"2026-04-24 14:02:53","2026-04-24 14:02:53"
1773,103,167,"2026-04-08","","",509,"target_based",15,"SCM3 Verification agreements count - Online          ",0,0,"2026-04-24 14:03:20","2026-04-24 14:03:20"
1774,103,167,"2026-04-09","","",562,"target_based",15,"SCM3 Verification agreements count - Online          ",0,0,"2026-04-24 14:03:39","2026-04-24 14:03:39"
1775,103,167,"2026-04-10","","",300,"target_based",15,"SCM3 Verification agreements count - Online          ",0,0,"2026-04-24 14:03:54","2026-04-24 14:03:54"
1776,103,167,"2026-04-11","","",344,"target_based",15,"SCM3 Verification agreements count - Online          ",0,0,"2026-04-24 14:04:16","2026-04-24 14:04:16"
1777,103,167,"2026-04-12","","",168,"target_based",15,"SCM3 Verification agreements count - Online          ",0,0,"2026-04-24 14:04:34","2026-04-24 14:04:34"
1778,103,167,"2026-04-15","","",235,"target_based",15,"SCM3 Verification agreements count - Online          ",0,0,"2026-04-24 14:04:55","2026-04-24 14:04:55"
1779,103,167,"2026-04-16","","",137,"target_based",15,"SCM3 Verification agreements count - Online          ",0,0,"2026-04-24 14:05:12","2026-04-24 14:05:12"
1780,103,167,"2026-04-17","","",302,"target_based",15,"SCM3 Verification agreements count - Online          ",0,0,"2026-04-24 14:05:29","2026-04-24 14:05:29"
1781,103,167,"2026-04-18","","",263,"target_based",15,"SCM3 Verification agreements count - Online          ",0,0,"2026-04-24 14:05:48","2026-04-24 14:05:48"
1782,103,167,"2026-04-19","","",463,"target_based",15,"SCM3 Verification agreements count - Online          ",0,0,"2026-04-24 14:06:03","2026-04-24 14:06:03"
1783,103,167,"2026-04-20","","",476,"target_based",15,"SCM3 Verification agreements count - Online          ",0,0,"2026-04-24 14:06:20","2026-04-24 14:06:20"
1784,103,167,"2026-04-21","","",479,"target_based",15,"SCM3 Verification agreements count - Online          ",0,0,"2026-04-24 14:06:38","2026-04-24 14:06:38"
1785,103,167,"2026-04-22","","",479,"target_based",15,"SCM3 Verification agreements count - Online          ",0,0,"2026-04-24 14:07:05","2026-04-24 14:07:05"
1786,11,27,"2026-04-24","08:30","17:03",0,"time_based",0.8,"1.1 VERIFICATION OF EMPLOYERS ZONE AND NUMBER",0,0,"2026-04-24 16:31:56","2026-04-24 16:31:56"
1787,11,28,"2026-04-24","08:15","17:00",57,"time_based",0.8,"1.3 VERIFICATION OF BUNDLE NUMBER",0,0,"2026-04-24 16:33:47","2026-04-24 16:33:47"
1788,11,28,"2026-04-24","08:15","17:00",8257,"time_based",1.65,"2.1 DATA ENTRY WITH VERIFICATION OF PAYMENT YEAR AND MONTH",0,0,"2026-04-24 16:34:43","2026-04-24 16:34:43"
1789,11,28,"2026-04-24","08:15","17:00",8257,"time_based",1.65,"2.2 DATA ENTRY WITH VERIFICATION OF PAYMENT CATEGORY",0,0,"2026-04-24 16:35:11","2026-04-24 16:35:11"
1790,11,28,"2026-04-24","08:15","17:00",34,"time_based",10,"3.1 PRINTING CHARGES OF SUMMARY REPORT OF C1, SURCHARGES, CL, UP/OP, & ERROR REPROT",0,0,"2026-04-24 16:35:37","2026-04-24 16:35:37"
1791,11,28,"2026-04-24","08:15","17:00",7601,"time_based",0.8,"1.1 VERIFICATION OF EMPLOYERS ZONE AND NUMBER",0,0,"2026-04-24 16:36:04","2026-04-24 16:36:04"
1792,11,28,"2026-04-24","08:15","17:00",8257,"time_based",0.8,"1.2 VERIFICATION OF CONTRIBUTION AMOUNT",0,0,"2026-04-24 16:36:34","2026-04-24 16:36:34"
1793,11,29,"2026-04-24","08:29","17:02",0,"time_based",1.65,"2.1 DATA ENTRY WITH VERIFICATION OF PAYMENT YEAR AND MONTH",0,0,"2026-04-24 16:37:12","2026-04-24 16:37:12"
1794,11,47,"2026-04-24","08:40","17:05",0,"time_based",1.65,"2.1 DATA ENTRY WITH VERIFICATION OF PAYMENT YEAR AND MONTH",0,0,"2026-04-24 16:38:02","2026-04-24 16:38:02"
1795,30,89,"2026-04-24","08:30","17:00",250,"time_based",2,"Singhagiri Agreements Checking, NIC Number and data entry to excel report 				 				",0,0,"2026-04-24 16:43:32","2026-04-24 16:43:32"
1796,30,78,"2026-04-24","08:30","17:00",0,"time_based",2,"Singhagiri Agreements Checking, NIC Number and data entry to excel report 				 				",0,0,"2026-04-24 16:44:19","2026-04-24 16:44:19"
1797,32,16,"2026-04-24","","",667,"target_based",10,"SCM3 Verification agreements count - Physical                              				",0,0,"2026-04-24 16:54:32","2026-04-24 16:54:32"
1798,32,90,"2026-04-24","","",808,"target_based",10,"SCM3 Verification agreements count - Physical                              				",0,0,"2026-04-24 16:54:45","2026-04-24 16:54:45"
1799,32,91,"2026-04-24","","",645,"target_based",10,"SCM3 Verification agreements count - Physical                              				",0,0,"2026-04-24 16:54:58","2026-04-24 16:54:58"
1800,20,61,"2026-04-24","","",1249,"target_based",2.4,"SCANNING 			",0,0,"2026-04-24 17:05:33","2026-04-24 17:05:33"
1801,20,110,"2026-04-24","","",968,"target_based",2.4,"SCANNING 			",0,0,"2026-04-24 17:05:49","2026-04-24 17:05:49"
1802,35,97,"2026-04-24","","",2006,"target_based",1.8,"Document scanning and digitizing 				",0,0,"2026-04-24 17:12:08","2026-04-24 17:12:08"
1803,35,98,"2026-04-24","","",2903,"target_based",1.8,"Document scanning and digitizing 				",0,0,"2026-04-24 17:12:20","2026-04-24 17:12:20"
1804,101,17,"2026-04-24","","",1188,"target_based",4.1,"Scanning",0,0,"2026-04-24 17:12:46","2026-04-24 17:12:46"
1805,101,17,"2026-04-24","","",21,"target_based",0,"File",0,0,"2026-04-24 17:12:57","2026-04-24 17:12:57"
1821,36,99,"2026-04-24","","",781,"target_based",3.25,"Document Scanning A4 Size 			",0,0,"2026-04-25 09:30:35","2026-04-25 09:30:35"
1822,36,99,"2026-04-24","","",188,"target_based",1,"Indexing Charges for additional fields			",0,0,"2026-04-25 09:30:49","2026-04-25 09:30:49"
1823,82,135,"2026-04-24","08:30","21:40",0,"time_based",1928.57,"Staff outsourcing ",0,0,"2026-04-25 10:01:07","2026-04-25 10:01:07"
1824,82,181,"2026-04-24","08:35","17:20",0,"time_based",1928.57,"Staff outsourcing ",0,0,"2026-04-25 10:02:10","2026-04-25 10:02:10"
1825,82,141,"2026-04-24","08:30","18:30",0,"time_based",1928.57,"Staff outsourcing ",0,0,"2026-04-25 10:02:52","2026-04-25 10:02:52"
1826,102,165,"2026-04-24","07:45","19:13",0,"time_based",2362.5,"Staff outsourcing Per Person			",0,0,"2026-04-25 10:12:12","2026-04-25 10:12:12"
1827,102,166,"2026-04-24","07:45","19:15",0,"time_based",2362.5,"Staff outsourcing Per Person			",0,0,"2026-04-25 10:12:31","2026-04-25 10:12:31"
1828,18,102,"2026-04-24","","",4074,"target_based",3,"Converting Physical Documents to DIGITAL Images - A4 image 				",0,0,"2026-04-25 10:13:18","2026-04-25 10:13:18"
1829,18,102,"2026-04-24","","",77,"target_based",0,"File",0,0,"2026-04-25 10:13:30","2026-04-25 10:13:30"
1830,18,128,"2026-04-24","","",4566,"target_based",3,"Converting Physical Documents to DIGITAL Images - A4 image 				",0,0,"2026-04-25 10:14:08","2026-04-25 10:14:08"
1831,18,128,"2026-04-24","","",88,"target_based",0,"File",0,0,"2026-04-25 10:14:32","2026-04-25 10:14:32"
1832,18,130,"2026-04-24","","",3511,"target_based",3,"Converting Physical Documents to DIGITAL Images - A4 image 				",0,0,"2026-04-25 10:15:15","2026-04-25 10:57:29"
1833,18,130,"2026-04-24","","",58,"target_based",0,"File",0,0,"2026-04-25 10:15:34","2026-04-25 10:15:34"
1834,14,40,"2026-04-24","","",182,"target_based",10,"MIRO Updating ",0,0,"2026-04-25 10:22:55","2026-04-25 10:22:55"
1835,14,41,"2026-04-24","","",150,"target_based",10,"MIRO Updating ",0,0,"2026-04-25 10:23:09","2026-04-25 10:23:09"
1836,14,42,"2026-04-24","","",202,"target_based",5.5,"Scaning						",0,0,"2026-04-25 10:23:26","2026-04-25 10:23:26"
1837,14,161,"2026-04-24","","",258,"target_based",0,"Preparation",0,0,"2026-04-25 10:23:42","2026-04-25 10:23:42"
1838,14,163,"2026-04-24","","",57,"target_based",10,"MIRO Updating ",0,0,"2026-04-25 10:24:04","2026-04-25 10:24:04"
1839,33,92,"2026-04-24","","",954,"target_based",2.4,"Document scanning and digitizing 				",0,0,"2026-04-25 10:32:14","2026-04-25 10:32:14"
1840,33,92,"2026-04-25","","",1523,"target_based",2.4,"Document scanning and digitizing 				",0,0,"2026-04-25 13:22:25","2026-04-25 13:22:25"
1841,18,128,"2026-04-25","","",1472,"target_based",3,"Converting Physical Documents to DIGITAL Images - A4 image 				",0,0,"2026-04-25 21:03:17","2026-04-25 21:03:17"
1842,18,128,"2026-04-25","","",21,"target_based",0,"File",0,0,"2026-04-25 21:03:34","2026-04-25 21:03:34"
1843,18,102,"2026-04-25","","",1140,"target_based",3,"Converting Physical Documents to DIGITAL Images - A4 image 				",0,0,"2026-04-25 21:03:53","2026-04-25 21:03:53"
1844,18,102,"2026-04-25","","",21,"target_based",0,"File",0,0,"2026-04-25 21:04:14","2026-04-25 21:04:14"
1845,18,130,"2026-04-25","","",706,"target_based",3,"Converting Physical Documents to DIGITAL Images - A4 image 				",0,0,"2026-04-25 21:04:31","2026-04-25 21:04:31"
1846,18,130,"2026-04-25","","",10,"target_based",0,"File",0,0,"2026-04-25 21:04:43","2026-04-25 21:04:43"
1861,18,201,"2026-04-26","","",1884,"target_based",3,"Converting Physical Documents to DIGITAL Images - A4 image 				",0,0,"2026-04-26 14:02:10","2026-04-26 14:02:10"
1862,18,201,"2026-04-26","","",20,"target_based",0,"File",0,0,"2026-04-26 14:02:28","2026-04-26 14:02:28"
1863,14,39,"2026-04-25","","",63,"target_based",10,"MIRO Updating ",0,0,"2026-04-27 08:52:14","2026-04-27 08:52:14"
1864,14,40,"2026-04-25","","",43,"target_based",10,"MIRO Updating ",0,0,"2026-04-27 08:52:28","2026-04-27 08:52:28"
1865,14,41,"2026-04-25","","",30,"target_based",10,"MIRO Updating ",0,0,"2026-04-27 08:52:45","2026-04-27 08:52:45"
1866,14,42,"2026-04-25","","",242,"target_based",5.5,"Scaning						",0,0,"2026-04-27 08:53:00","2026-04-27 08:53:07"
1867,6,76,"2026-04-24","","",354,"target_based",2.74,"""Scanning and indexing service for Leasing Applications – A4 & Below Indexes: Facility Number Output :200dpi / B&W/ PDF""				",0,0,"2026-04-27 09:43:04","2026-04-27 09:43:04"
1868,6,76,"2026-04-24","","",32,"target_based",0,"File",0,0,"2026-04-27 09:43:31","2026-04-27 09:43:31"
1869,6,106,"2026-04-24","","",769,"target_based",2.74,"""Scanning and indexing service for Leasing Applications – A4 & Below Indexes: Facility Number Output :200dpi / B&W/ PDF""				",0,0,"2026-04-27 09:43:47","2026-04-27 09:43:47"
1870,6,106,"2026-04-24","","",70,"target_based",0,"File",0,0,"2026-04-27 09:44:00","2026-04-27 09:44:00"
1871,6,108,"2026-04-24","","",651,"target_based",2.74,"""Scanning and indexing service for Leasing Applications – A4 & Below Indexes: Facility Number Output :200dpi / B&W/ PDF""				",0,0,"2026-04-27 09:44:42","2026-04-27 09:44:42"
1872,6,108,"2026-04-24","","",61,"target_based",0,"File",0,0,"2026-04-27 09:44:56","2026-04-27 09:45:47"
1873,6,109,"2026-04-24","","",750,"target_based",2.74,"""Scanning and indexing service for Leasing Applications – A4 & Below Indexes: Facility Number Output :200dpi / B&W/ PDF""				",0,0,"2026-04-27 09:45:24","2026-04-27 09:45:24"
1874,6,109,"2026-04-24","","",70,"target_based",0,"File",0,0,"2026-04-27 09:45:34","2026-04-27 09:45:34"
1875,6,107,"2026-04-24","","",674,"target_based",2.74,"""Scanning and indexing service for Leasing Applications – A4 & Below Indexes: Facility Number Output :200dpi / B&W/ PDF""				",0,0,"2026-04-27 09:46:54","2026-04-27 09:46:54"
1876,6,107,"2026-04-24","","",65,"target_based",0,"File",0,0,"2026-04-27 09:47:09","2026-04-27 09:47:09"
1877,6,106,"2026-04-25","","",445,"target_based",2.74,"""Scanning and indexing service for Leasing Applications – A4 & Below Indexes: Facility Number Output :200dpi / B&W/ PDF""				",0,0,"2026-04-27 09:50:20","2026-04-27 09:50:20"
1878,6,106,"2026-04-25","","",40,"target_based",0,"File",0,0,"2026-04-27 09:50:31","2026-04-27 09:50:31"
1879,6,108,"2026-04-25","","",320,"target_based",2.74,"""Scanning and indexing service for Leasing Applications – A4 & Below Indexes: Facility Number Output :200dpi / B&W/ PDF""				",0,0,"2026-04-27 09:53:38","2026-04-27 09:53:38"
1880,6,108,"2026-04-25","","",30,"target_based",0,"File",0,0,"2026-04-27 09:53:54","2026-04-27 09:53:54"
1881,6,109,"2026-04-25","","",385,"target_based",2.74,"""Scanning and indexing service for Leasing Applications – A4 & Below Indexes: Facility Number Output :200dpi / B&W/ PDF""				",0,0,"2026-04-27 09:54:13","2026-04-27 09:54:13"
1882,6,109,"2026-04-25","","",35,"target_based",0,"File",0,0,"2026-04-27 09:54:31","2026-04-27 09:54:31"
1883,83,136,"2026-04-23","","",2951,"target_based",3.75,"Scanning",0,0,"2026-04-27 10:06:20","2026-04-27 10:06:20"
1884,83,136,"2026-04-23","","",36,"target_based",0,"File",0,0,"2026-04-27 10:07:55","2026-04-27 10:07:55"
1885,34,96,"2026-04-24","","",508,"target_based",0,"Scanning",0,0,"2026-04-27 10:28:28","2026-04-27 10:28:28"
1886,34,96,"2026-04-24","","",169,"target_based",0,"File",0,0,"2026-04-27 10:28:42","2026-04-27 10:28:42"
1887,34,96,"2026-04-24","","",298,"target_based",0,"Exel",0,0,"2026-04-27 10:28:55","2026-04-27 10:28:55"
1888,83,221,"2026-04-23","","",761,"target_based",3.75,"Scanning",0,0,"2026-04-27 10:44:32","2026-04-27 10:44:32"
1889,83,136,"2026-04-24","","",1885,"target_based",3.75,"Scanning",0,0,"2026-04-27 10:44:49","2026-04-27 10:44:49"
1890,83,136,"2026-04-24","","",25,"target_based",0,"File",0,0,"2026-04-27 10:45:16","2026-04-27 10:45:16"
1891,83,221,"2026-04-24","","",960,"target_based",3.75,"Scanning",0,0,"2026-04-27 10:45:31","2026-04-27 10:45:31"
1892,83,221,"2026-04-24","","",12,"target_based",0,"File",0,0,"2026-04-27 10:45:41","2026-04-27 10:45:41"
1893,83,221,"2026-04-25","","",904,"target_based",3.75,"Scanning",0,0,"2026-04-27 10:45:59","2026-04-27 10:45:59"
1894,83,221,"2026-04-25","","",12,"target_based",0,"File",0,0,"2026-04-27 10:46:08","2026-04-27 10:46:08"
1895,35,97,"2026-04-27","","",1649,"target_based",1.8,"Document scanning and digitizing 				",0,0,"2026-04-27 16:53:08","2026-04-27 16:53:08"
1896,35,98,"2026-04-27","","",1574,"target_based",1.8,"Document scanning and digitizing 				",0,0,"2026-04-27 16:53:23","2026-04-27 16:53:23"
1897,30,78,"2026-04-27","08:30","17:00",0,"time_based",2,"Singhagiri Agreements Checking, NIC Number and data entry to excel report 				 				",0,0,"2026-04-27 16:55:23","2026-04-27 16:55:23"
1898,30,89,"2026-04-27","","",120,"time_based",100,"Return POD Packets                                       				 				",0,0,"2026-04-27 16:55:49","2026-04-27 16:55:49"
1899,11,28,"2026-04-27","08:15","17:01",0,"time_based",0.8,"1.1 VERIFICATION OF EMPLOYERS ZONE AND NUMBER",0,0,"2026-04-27 16:57:43","2026-04-27 16:57:43"
1900,11,29,"2026-04-27","08:27","17:03",0,"time_based",1.65,"2.2 DATA ENTRY WITH VERIFICATION OF PAYMENT CATEGORY",0,0,"2026-04-27 16:58:10","2026-04-27 16:58:10"
1901,11,47,"2026-04-27","08:38","11:45",0,"time_based",1.65,"2.1 DATA ENTRY WITH VERIFICATION OF PAYMENT YEAR AND MONTH",0,0,"2026-04-27 16:58:49","2026-04-27 16:58:49"
1902,32,16,"2026-04-27","","",822,"target_based",10,"SCM3 Verification agreements count - Physical                              				",0,0,"2026-04-27 16:58:57","2026-04-27 16:58:57"
1903,32,90,"2026-04-27","","",805,"target_based",10,"SCM3 Verification agreements count - Physical                              				",0,0,"2026-04-27 16:59:16","2026-04-27 16:59:16"
1904,32,91,"2026-04-27","","",51,"target_based",10,"SCM3 Verification agreements count - Physical                              				",0,0,"2026-04-27 16:59:55","2026-04-27 16:59:55"
1905,20,61,"2026-04-27","","",1201,"target_based",2.4,"SCANNING 			",0,0,"2026-04-27 17:00:30","2026-04-27 17:00:30"
1906,101,17,"2026-04-27","","",1221,"target_based",4.1,"Scanning",0,0,"2026-04-27 17:04:54","2026-04-27 17:04:54"
1907,101,17,"2026-04-27","","",32,"target_based",0,"File",0,0,"2026-04-27 17:05:05","2026-04-27 17:05:05"
1908,18,130,"2026-04-27","","",1781,"target_based",3,"Converting Physical Documents to DIGITAL Images - A4 image 				",0,0,"2026-04-27 17:12:25","2026-04-27 17:12:25"
1909,18,130,"2026-04-27","","",8,"target_based",0,"File",0,0,"2026-04-27 17:12:38","2026-04-27 17:12:38"
1910,18,128,"2026-04-27","","",1199,"target_based",3,"Converting Physical Documents to DIGITAL Images - A4 image 				",0,0,"2026-04-27 17:13:48","2026-04-27 17:13:48"
1911,18,128,"2026-04-27","","",26,"target_based",0,"File",0,0,"2026-04-27 17:14:01","2026-04-27 17:14:01"
1912,18,102,"2026-04-27","","",1730,"target_based",3,"Converting Physical Documents to DIGITAL Images - A4 image 				",0,0,"2026-04-27 17:14:20","2026-04-27 17:14:20"
1913,18,102,"2026-04-27","","",35,"target_based",0,"File",0,0,"2026-04-27 17:14:33","2026-04-27 17:14:33"
1914,20,110,"2026-04-27","","",1014,"target_based",2.4,"SCANNING 			",0,0,"2026-04-27 17:20:50","2026-04-27 17:20:50"
1915,33,92,"2026-04-27","","",3315,"target_based",2.4,"Document scanning and digitizing 				",0,0,"2026-04-27 17:55:46","2026-04-27 17:55:46"
1916,36,99,"2026-04-27","","",408,"target_based",3.25,"Document Scanning A4 Size 			",0,0,"2026-04-28 10:40:09","2026-04-28 10:40:09"
1917,36,99,"2026-04-27","","",332,"target_based",1,"Indexing Charges for additional fields			",0,0,"2026-04-28 10:40:22","2026-04-28 10:40:22"
1918,34,96,"2026-04-27","","",416,"target_based",0,"Scanning",0,0,"2026-04-28 10:41:01","2026-04-28 10:41:01"
1919,34,96,"2026-04-27","","",135,"target_based",0,"File",0,0,"2026-04-28 10:41:15","2026-04-28 10:41:15"
1920,34,96,"2026-04-27","","",472,"target_based",0,"Exel",0,0,"2026-04-28 10:41:31","2026-04-28 10:41:31"
1924,102,166,"2026-04-27","07:43","19:15",0,"time_based",2362.5,"Staff outsourcing Per Person			",0,0,"2026-04-28 10:44:06","2026-04-28 10:44:06"
1922,102,166,"2026-04-25","07:40","17:05",0,"time_based",2362.5,"Staff outsourcing Per Person			",0,0,"2026-04-28 10:43:08","2026-04-28 10:43:08"
1923,102,165,"2026-04-27","07:35","19:14",0,"time_based",2362.5,"Staff outsourcing Per Person			",0,0,"2026-04-28 10:43:50","2026-04-28 10:43:50"
1925,82,181,"2026-04-27","08:13","18:00",0,"time_based",1928.57,"Staff outsourcing ",0,0,"2026-04-28 10:45:05","2026-04-28 10:45:05"
1926,82,140,"2026-04-27","08:15","19:01",0,"time_based",1928.57,"Staff outsourcing ",0,0,"2026-04-28 10:45:41","2026-04-28 10:45:41"
1927,82,135,"2026-04-27","08:20","19:04",0,"time_based",1928.57,"Staff outsourcing ",0,0,"2026-04-28 10:46:13","2026-04-28 10:46:13"
1928,82,141,"2026-04-27","08:20","19:04",0,"time_based",1928.57,"Staff outsourcing ",0,0,"2026-04-28 10:46:38","2026-04-28 10:46:38"
1929,14,39,"2026-04-27","","",147,"target_based",10,"MIRO Updating ",0,0,"2026-04-28 15:07:48","2026-04-28 15:07:48"
1930,14,41,"2026-04-27","","",202,"target_based",10,"MIRO Updating ",0,0,"2026-04-28 15:08:53","2026-04-28 15:08:53"
1931,14,40,"2026-04-27","","",251,"target_based",10,"MIRO Updating ",0,0,"2026-04-28 15:09:03","2026-04-28 15:09:03"
1932,14,163,"2026-04-27","","",186,"target_based",10,"MIRO Updating ",0,0,"2026-04-28 15:09:22","2026-04-28 15:09:22"
1933,14,42,"2026-04-27","","",648,"target_based",5.5,"Scaning						",0,0,"2026-04-28 15:09:50","2026-04-28 15:09:50"
1934,14,161,"2026-04-27","","",807,"target_based",0,"Preparation",0,0,"2026-04-28 15:10:04","2026-04-28 15:10:04"
1935,23,72,"2026-04-22","","",525,"target_based",3.25,"Converting Physical Documents to DIGITAL Images - Article A4 image				",0,0,"2026-04-28 15:17:41","2026-04-28 15:17:41"
1936,23,72,"2026-04-24","","",640,"target_based",3.25,"Converting Physical Documents to DIGITAL Images - Article A4 image				",0,0,"2026-04-28 15:19:41","2026-04-28 15:19:41"
1937,13,34,"2026-04-07","07:25","05:10",10,"time_based",2.7,"Policy Schedule, Proposal and other related Document Printing				",0,0,"2026-04-28 16:22:48","2026-04-28 16:22:48"
1938,11,27,"2026-04-28","08:36","17:02",0,"time_based",1.65,"2.1 DATA ENTRY WITH VERIFICATION OF PAYMENT YEAR AND MONTH",0,0,"2026-04-28 16:22:57","2026-04-28 16:22:57"
1939,13,34,"2026-04-07","07:25","05:10",37,"time_based",5.75,"Printing of one-sided CARD Printing 				",0,0,"2026-04-28 16:23:09","2026-04-28 16:23:09"
1940,11,28,"2026-04-28","08:05","17:01",0,"time_based",1.65,"2.1 DATA ENTRY WITH VERIFICATION OF PAYMENT YEAR AND MONTH",0,0,"2026-04-28 16:23:21","2026-04-28 16:23:21"
1941,13,34,"2026-04-07","07:25","05:10",196,"time_based",2.7,"Printing of Policy Certificate				",0,0,"2026-04-28 16:23:27","2026-04-28 16:23:27"
1942,11,29,"2026-04-28","08:24","17:02",0,"time_based",1.65,"2.2 DATA ENTRY WITH VERIFICATION OF PAYMENT CATEGORY",0,0,"2026-04-28 16:23:48","2026-04-28 16:23:48"
1943,13,35,"2026-04-07","08:40","06:00",10,"time_based",2.7,"Policy Schedule, Proposal and other related Document Printing				",0,0,"2026-04-28 16:24:35","2026-04-28 16:24:35"
1944,11,47,"2026-04-28","08:40","17:30",0,"time_based",1.65,"2.2 DATA ENTRY WITH VERIFICATION OF PAYMENT CATEGORY",0,0,"2026-04-28 16:24:44","2026-04-28 16:24:44"
1945,13,35,"2026-04-07","08:40","06:00",195,"time_based",2.7,"Printing of Policy Certificate				",0,0,"2026-04-28 16:24:55","2026-04-28 16:24:55"
1946,13,34,"2026-04-08","07:10","05:15",58,"time_based",2.7,"Policy Schedule, Proposal and other related Document Printing				",0,0,"2026-04-28 16:26:12","2026-04-28 16:26:12"
1947,13,34,"2026-04-08","07:10","05:15",47,"time_based",5.75,"Printing of one-sided CARD Printing 				",0,0,"2026-04-28 16:26:30","2026-04-28 16:26:30"
1948,13,34,"2026-04-08","07:10","05:15",332,"time_based",2.7,"Printing of Policy Certificate				",0,0,"2026-04-28 16:26:49","2026-04-28 16:26:49"
1949,13,35,"2026-04-08","08:45","05:15",59,"time_based",2.7,"Policy Schedule, Proposal and other related Document Printing				",0,0,"2026-04-28 16:27:27","2026-04-28 16:27:27"
1950,13,35,"2026-04-08","08:45","05:15",332,"time_based",2.7,"Printing of Policy Certificate				",0,0,"2026-04-28 16:38:47","2026-04-28 16:38:47"
1951,13,34,"2026-04-09","07:15","05:30",72,"time_based",2.7,"Policy Schedule, Proposal and other related Document Printing				",0,0,"2026-04-28 16:39:45","2026-04-28 16:39:45"
1952,13,34,"2026-04-09","07:15","05:30",47,"time_based",5.75,"Printing of one-sided CARD Printing 				",0,0,"2026-04-28 16:39:57","2026-04-28 16:39:57"
1953,13,34,"2026-04-09","07:15","05:30",65,"time_based",2.7,"Printing of Policy Certificate				",0,0,"2026-04-28 16:40:10","2026-04-28 16:40:10"
1954,23,72,"2026-04-27","","",726,"target_based",3.25,"Converting Physical Documents to DIGITAL Images - Article A4 image				",0,0,"2026-04-28 16:40:31","2026-04-28 16:40:31"
1955,13,35,"2026-04-09","08:35","05:00",72,"time_based",2.7,"Policy Schedule, Proposal and other related Document Printing				",0,0,"2026-04-28 16:40:58","2026-04-28 16:40:58"
1956,13,35,"2026-04-09","08:35","05:00",64,"time_based",2.7,"Printing of Policy Certificate				",0,0,"2026-04-28 16:41:13","2026-04-28 16:41:13"
1957,13,34,"2026-04-10","07:20","05:15",24,"time_based",2.7,"Policy Schedule, Proposal and other related Document Printing				",0,0,"2026-04-28 16:42:12","2026-04-28 16:42:12"
1958,13,34,"2026-04-10","07:20","05:15",18,"time_based",5.75,"Printing of one-sided CARD Printing 				",0,0,"2026-04-28 16:42:45","2026-04-28 16:42:45"
1959,13,34,"2026-04-10","07:20","05:15",59,"time_based",2.7,"Printing of Policy Certificate				",0,0,"2026-04-28 16:43:07","2026-04-28 16:43:07"
1960,13,35,"2026-04-10","08:30","06:00",23,"time_based",2.7,"Policy Schedule, Proposal and other related Document Printing				",0,0,"2026-04-28 16:43:47","2026-04-28 16:43:47"
1961,13,35,"2026-04-10","08:30","06:00",58,"time_based",2.7,"Printing of Policy Certificate				",0,0,"2026-04-28 16:44:06","2026-04-28 16:44:06"
1962,13,34,"2026-04-11","08:00","14:05",19,"time_based",5.75,"Printing of one-sided CARD Printing 				",0,0,"2026-04-28 16:45:59","2026-04-28 16:45:59"
1963,13,34,"2026-04-11","08:00","14:05",59,"time_based",2.7,"Printing of Policy Certificate				",0,0,"2026-04-28 16:46:17","2026-04-28 16:46:17"
1964,13,35,"2026-04-11","08:20","12:30",58,"time_based",2.7,"Printing of Policy Certificate				",0,0,"2026-04-28 16:47:25","2026-04-28 16:47:25"
1965,13,34,"2026-04-16","07:00","05:15",3,"time_based",2.7,"Policy Schedule, Proposal and other related Document Printing				",0,0,"2026-04-28 16:48:10","2026-04-28 16:48:10"
1966,13,34,"2026-04-16","07:00","05:15",114,"time_based",5.75,"Printing of one-sided CARD Printing 				",0,0,"2026-04-28 16:48:25","2026-04-28 16:48:25"
1967,13,34,"2026-04-16","07:00","05:15",186,"time_based",2.7,"Printing of Policy Certificate				",0,0,"2026-04-28 16:48:48","2026-04-28 16:48:48"
1968,13,35,"2026-04-16","08:35","05:15",3,"time_based",2.7,"Policy Schedule, Proposal and other related Document Printing				",0,0,"2026-04-28 16:49:43","2026-04-28 16:49:43"
1969,13,35,"2026-04-16","08:35","05:15",186,"time_based",2.7,"Printing of Policy Certificate				",0,0,"2026-04-28 16:50:27","2026-04-28 16:50:27"
1970,33,92,"2026-04-28","","",2485,"target_based",2.4,"Document scanning and digitizing 				",0,0,"2026-04-28 16:50:52","2026-04-28 16:50:52"
1971,13,34,"2026-04-17","07:15","05:00",22,"time_based",2.7,"Policy Schedule, Proposal and other related Document Printing				",0,0,"2026-04-28 16:51:14","2026-04-28 16:51:46"
1972,13,35,"2026-04-17","07:15","05:00",22,"time_based",2.7,"Policy Schedule, Proposal and other related Document Printing				",0,0,"2026-04-28 16:52:39","2026-04-28 16:52:39"
1973,32,16,"2026-04-28","","",85,"target_based",10,"SCM3 Verification agreements count - Physical                              				",0,0,"2026-04-28 16:55:43","2026-04-28 16:55:43"
1974,32,90,"2026-04-28","","",803,"target_based",10,"SCM3 Verification agreements count - Physical                              				",0,0,"2026-04-28 16:55:55","2026-04-28 16:55:55"
1975,30,89,"2026-04-28","","",129,"time_based",100,"Return POD Packets                                       				 				",0,0,"2026-04-28 16:56:44","2026-04-28 16:56:44"
1976,101,17,"2026-04-28","","",1324,"target_based",4.1,"Scanning",0,0,"2026-04-28 17:01:58","2026-04-28 17:01:58"
1977,101,17,"2026-04-28","","",19,"target_based",0,"File",0,0,"2026-04-28 17:02:12","2026-04-28 17:02:12"
1978,35,97,"2026-04-28","","",1498,"target_based",1.8,"Document scanning and digitizing 				",0,0,"2026-04-28 17:02:54","2026-04-28 17:02:54"
1979,35,98,"2026-04-28","","",1586,"target_based",1.8,"Document scanning and digitizing 				",0,0,"2026-04-28 17:03:14","2026-04-28 17:03:14"
1980,18,128,"2026-04-28","","",1146,"target_based",3,"Converting Physical Documents to DIGITAL Images - A4 image 				",0,0,"2026-04-28 17:08:38","2026-04-28 17:08:38"
1981,18,128,"2026-04-28","","",26,"target_based",0,"File",0,0,"2026-04-28 17:08:53","2026-04-28 17:08:53"
1982,18,130,"2026-04-28","","",1406,"target_based",3,"Converting Physical Documents to DIGITAL Images - A4 image 				",0,0,"2026-04-28 17:09:21","2026-04-28 17:11:06"
1983,18,130,"2026-04-28","","",37,"target_based",0,"File",0,0,"2026-04-28 17:10:10","2026-04-28 17:11:24"
1984,18,102,"2026-04-28","","",1282,"target_based",3,"Converting Physical Documents to DIGITAL Images - A4 image 				",0,0,"2026-04-28 17:11:50","2026-04-28 17:11:50"
1985,18,102,"2026-04-28","","",28,"target_based",0,"File",0,0,"2026-04-28 17:12:04","2026-04-28 17:12:04"
1986,34,96,"2026-04-28","","",321,"target_based",0,"Scanning",0,0,"2026-04-28 17:13:06","2026-04-28 17:13:06"
1987,34,96,"2026-04-28","","",102,"target_based",0,"File",0,0,"2026-04-28 17:13:23","2026-04-28 17:13:23"
1988,34,96,"2026-04-28","","",515,"target_based",0,"Exel",0,0,"2026-04-28 17:13:39","2026-04-28 17:13:39"
1989,20,110,"2026-04-28","","",1025,"target_based",2.4,"SCANNING 			",0,0,"2026-04-28 17:23:33","2026-04-28 17:23:33"
1990,102,165,"2026-04-28","07:55","19:15",0,"time_based",2362.5,"Staff outsourcing Per Person			",0,0,"2026-04-29 08:47:28","2026-04-29 08:47:28"
1991,102,166,"2026-04-28","07:35","19:16",0,"time_based",2362.5,"Staff outsourcing Per Person			",0,0,"2026-04-29 08:47:47","2026-04-29 08:47:47"
1992,36,99,"2026-04-28","","",676,"target_based",3.25,"Document Scanning A4 Size 			",0,0,"2026-04-29 08:48:48","2026-04-29 08:48:48"
1993,36,99,"2026-04-28","","",527,"target_based",1,"Indexing Charges for additional fields			",0,0,"2026-04-29 08:49:12","2026-04-29 08:49:12"
1994,6,106,"2026-04-27","","",715,"target_based",2.74,"""Scanning and indexing service for Leasing Applications – A4 & Below Indexes: Facility Number Output :200dpi / B&W/ PDF""				",0,0,"2026-04-29 09:00:34","2026-04-29 09:00:34"
1995,6,106,"2026-04-27","","",65,"target_based",0,"File",0,0,"2026-04-29 09:00:45","2026-04-29 09:00:45"
1996,6,108,"2026-04-27","","",654,"target_based",2.74,"""Scanning and indexing service for Leasing Applications – A4 & Below Indexes: Facility Number Output :200dpi / B&W/ PDF""				",0,0,"2026-04-29 09:01:01","2026-04-29 09:01:01"
1997,6,108,"2026-04-27","","",60,"target_based",0,"File",0,0,"2026-04-29 09:01:10","2026-04-29 09:01:10"
1998,6,109,"2026-04-27","","",716,"target_based",2.74,"""Scanning and indexing service for Leasing Applications – A4 & Below Indexes: Facility Number Output :200dpi / B&W/ PDF""				",0,0,"2026-04-29 09:01:31","2026-04-29 09:01:31"
1999,6,109,"2026-04-27","","",65,"target_based",0,"File",0,0,"2026-04-29 09:01:44","2026-04-29 09:01:44"
2000,6,107,"2026-04-27","","",677,"target_based",2.74,"""Scanning and indexing service for Leasing Applications – A4 & Below Indexes: Facility Number Output :200dpi / B&W/ PDF""				",0,0,"2026-04-29 09:02:01","2026-04-29 09:02:01"
2001,6,107,"2026-04-27","","",65,"target_based",0,"File",0,0,"2026-04-29 09:02:13","2026-04-29 09:02:13"
2002,6,76,"2026-04-28","","",746,"target_based",2.74,"""Scanning and indexing service for Leasing Applications – A4 & Below Indexes: Facility Number Output :200dpi / B&W/ PDF""				",0,0,"2026-04-29 09:02:33","2026-04-29 09:02:33"
2003,6,76,"2026-04-28","","",71,"target_based",0,"File",0,0,"2026-04-29 09:02:46","2026-04-29 09:02:46"
2007,6,109,"2026-04-28","","",50,"target_based",0,"File",0,0,"2026-04-29 09:03:57","2026-04-29 09:03:57"
2004,6,108,"2026-04-28","","",543,"target_based",2.74,"""Scanning and indexing service for Leasing Applications – A4 & Below Indexes: Facility Number Output :200dpi / B&W/ PDF""				",0,0,"2026-04-29 09:03:07","2026-04-29 09:03:07"
2005,6,108,"2026-04-28","","",50,"target_based",0,"File",0,0,"2026-04-29 09:03:24","2026-04-29 09:03:24"
2006,6,109,"2026-04-28","","",544,"target_based",2.74,"""Scanning and indexing service for Leasing Applications – A4 & Below Indexes: Facility Number Output :200dpi / B&W/ PDF""				",0,0,"2026-04-29 09:03:45","2026-04-29 09:03:45"
2008,83,221,"2026-04-27","","",1323,"target_based",3.75,"Scanning",0,0,"2026-04-29 09:06:20","2026-04-29 09:06:20"
2009,83,221,"2026-04-27","","",14,"target_based",0,"File",0,0,"2026-04-29 09:06:34","2026-04-29 09:06:34"
2010,83,221,"2026-04-28","","",1348,"target_based",3.75,"Scanning",0,0,"2026-04-29 09:06:50","2026-04-29 09:06:50"
2011,83,221,"2026-04-28","","",16,"target_based",0,"File",0,0,"2026-04-29 09:07:04","2026-04-29 09:07:04"
2015,25,127,"2026-04-23","","",452,"target_based",4.5,"Converting Physical Documents to digital Images using book scanner (Bounded documents and A3 size)			",0,0,"2026-04-29 09:10:06","2026-04-29 09:10:06"
2013,15,43,"2026-04-27","","",604,"target_based",3.25,"SUMMARY COUNT",0,0,"2026-04-29 09:08:28","2026-04-29 09:08:28"
2014,25,127,"2026-04-22","","",556,"target_based",4.5,"Converting Physical Documents to digital Images using book scanner (Bounded documents and A3 size)			",0,0,"2026-04-29 09:09:48","2026-04-29 09:09:48"
2016,25,127,"2026-04-24","","",362,"target_based",4.5,"Converting Physical Documents to digital Images using book scanner (Bounded documents and A3 size)			",0,0,"2026-04-29 09:10:22","2026-04-29 09:10:22"
2017,7,18,"2026-04-10","06:15","17:30",1033,"time_based",2.5,"MATHURITY A4 Images single side				",0,0,"2026-04-29 09:13:37","2026-04-29 09:13:37"
2018,7,19,"2026-04-10","08:00","18:10",1183,"time_based",2.5,"AROGYA A4 Images single side				",0,0,"2026-04-29 09:14:24","2026-04-29 09:14:24"
2019,7,20,"2026-04-10","07:30","17:30",747,"time_based",2.5,"LIFE A4  Images single side				",0,0,"2026-04-29 09:15:37","2026-04-29 09:15:37"
2020,7,21,"2026-04-10","07:30","17:30",792,"time_based",2.5,"LIFE A4  Images single side				",0,0,"2026-04-29 09:16:31","2026-04-29 09:16:31"
2024,7,18,"2026-04-11","08:00","17:00",1107,"time_based",2.5,"MATHURITY A4 Images single side				",0,0,"2026-04-29 09:19:28","2026-04-29 09:19:28"
2022,23,72,"2026-04-28","","",724,"target_based",3.25,"Converting Physical Documents to DIGITAL Images - Article A4 image				",0,0,"2026-04-29 09:17:19","2026-04-29 09:17:19"
2023,7,125,"2026-04-10","08:00","18:00",1000,"time_based",2.5,"MATHURITY A4 Images single side				",0,0,"2026-04-29 09:18:06","2026-04-29 09:18:06"
2025,7,19,"2026-04-11","08:00","13:30",1100,"time_based",2.5,"AROGYA A4 Images single side				",0,0,"2026-04-29 09:20:20","2026-04-29 09:20:48"
2026,7,20,"2026-04-11","08:00","13:30",675,"time_based",2.5,"LIFE A4  Images single side				",0,0,"2026-04-29 09:21:29","2026-04-29 09:21:29"
2027,7,21,"2026-04-11","08:00","13:30",807,"time_based",2.5,"LIFE A4  Images single side				",0,0,"2026-04-29 09:22:15","2026-04-29 09:22:15"
2028,7,18,"2026-04-17","06:15","17:30",1008,"time_based",2.5,"MATHURITY A4 Images single side				",0,0,"2026-04-29 09:25:04","2026-04-29 09:25:04"
2029,7,20,"2026-04-17","07:30","17:30",622,"time_based",2.5,"LIFE A4  Images single side				",0,0,"2026-04-29 09:25:42","2026-04-29 09:25:42"
2030,82,140,"2026-04-28","08:05","22:00",0,"time_based",1928.57,"Staff outsourcing ",0,0,"2026-04-29 09:25:58","2026-04-29 09:25:58"
2031,7,21,"2026-04-17","07:30","17:30",842,"time_based",2.5,"LIFE A4  Images single side				",0,0,"2026-04-29 09:26:15","2026-04-29 09:26:15"
2032,82,181,"2026-04-28","08:20","19:45",0,"time_based",1928.57,"Staff outsourcing ",0,0,"2026-04-29 09:26:31","2026-04-29 09:26:31"
2033,82,135,"2026-04-28","08:32","21:40",0,"time_based",1928.57,"Staff outsourcing ",0,0,"2026-04-29 09:26:53","2026-04-29 09:26:53"
2034,7,125,"2026-04-17","08:00","18:00",1052,"time_based",2.5,"MATHURITY A4 Images single side				",0,0,"2026-04-29 09:27:10","2026-04-29 09:27:10"
2035,7,18,"2026-04-16","06:15","17:30",1763,"time_based",2.5,"MATHURITY A4 Images single side				",0,0,"2026-04-29 09:28:13","2026-04-29 09:28:13"
2036,7,20,"2026-04-16","07:30","17:30",751,"time_based",2.5,"LIFE A4  Images single side				",0,0,"2026-04-29 09:28:51","2026-04-29 09:28:51"
2037,7,21,"2026-04-16","07:30","17:30",557,"time_based",2.5,"LIFE A4  Images single side				",0,0,"2026-04-29 09:29:39","2026-04-29 09:29:39"
2038,7,125,"2026-04-16","08:00","18:00",0,"time_based",2.5,"MATHURITY A4 Images single side				",0,0,"2026-04-29 09:30:26","2026-04-29 09:30:26"
2039,27,84,"2026-04-23","","",961,"target_based",2.9,"DOCUMENT SCANNING A4",0,0,"2026-04-29 09:41:12","2026-04-29 09:41:12"
2040,27,85,"2026-04-24","","",232,"target_based",2.9,"DOCUMENT SCANNING A4",0,0,"2026-04-29 09:42:41","2026-04-29 09:42:41"
2041,27,84,"2026-04-24","","",511,"target_based",2.9,"DOCUMENT SCANNING A4",0,0,"2026-04-29 09:43:08","2026-04-29 09:43:08"
2049,14,40,"2026-04-28","","",300,"target_based",10,"MIRO Updating ",0,0,"2026-04-29 09:52:16","2026-04-29 09:52:16"
2043,27,84,"2026-04-27","","",419,"target_based",2.9,"DOCUMENT SCANNING A4",0,0,"2026-04-29 09:46:10","2026-04-29 09:46:10"
2044,27,83,"2026-04-28","","",103,"target_based",2.9,"DOCUMENT SCANNING A4",0,0,"2026-04-29 09:46:46","2026-04-29 09:46:46"
2045,27,85,"2026-04-28","","",340,"target_based",2.9,"DOCUMENT SCANNING A4",0,0,"2026-04-29 09:47:12","2026-04-29 09:47:12"
2046,25,127,"2026-04-27","","",501,"target_based",4.5,"Converting Physical Documents to digital Images using book scanner (Bounded documents and A3 size)			",0,0,"2026-04-29 09:47:46","2026-04-29 09:47:46"
2047,25,127,"2026-04-28","","",450,"target_based",4.5,"Converting Physical Documents to digital Images using book scanner (Bounded documents and A3 size)			",0,0,"2026-04-29 09:48:02","2026-04-29 09:48:02"
2048,27,84,"2026-04-25","","",260,"target_based",2.9,"DOCUMENT SCANNING A4",0,0,"2026-04-29 09:52:09","2026-04-29 09:52:09"
2050,14,41,"2026-04-28","","",220,"target_based",10,"MIRO Updating ",0,0,"2026-04-29 09:52:27","2026-04-29 09:52:27"
2051,14,42,"2026-04-28","","",811,"target_based",5.5,"Scaning						",0,0,"2026-04-29 09:53:05","2026-04-29 09:53:05"
2052,14,161,"2026-04-28","","",652,"target_based",0,"Preparation",0,0,"2026-04-29 09:53:15","2026-04-29 09:53:15"
2053,14,163,"2026-04-28","","",196,"target_based",10,"MIRO Updating ",0,0,"2026-04-29 09:53:28","2026-04-29 09:53:28"
2054,13,34,"2026-04-18","07:30","01:45",75,"time_based",5.75,"Printing of one-sided CARD Printing 				",0,0,"2026-04-29 10:22:50","2026-04-29 10:22:50"
2055,13,34,"2026-04-18","07:30","01:45",143,"time_based",2.7,"Printing of Policy Certificate				",0,0,"2026-04-29 10:23:26","2026-04-29 10:23:26"
2056,13,35,"2026-04-18","08:30","12:30",100,"time_based",2.7,"Printing of Policy Certificate				",0,0,"2026-04-29 10:25:04","2026-04-29 10:25:04"
2057,13,34,"2026-04-20","07:30","05:00",25,"time_based",2.7,"Policy Schedule, Proposal and other related Document Printing				",0,0,"2026-04-29 10:29:00","2026-04-29 10:29:00"
2058,13,35,"2026-04-20","08:35","05:00",25,"time_based",2.7,"Policy Schedule, Proposal and other related Document Printing				",0,0,"2026-04-29 10:29:47","2026-04-29 10:29:47"
2059,13,34,"2026-04-21","07:15","05:00",34,"time_based",2.7,"Policy Schedule, Proposal and other related Document Printing				",0,0,"2026-04-29 10:49:24","2026-04-29 10:49:24"
2060,13,35,"2026-04-21","08:45","05:00",30,"time_based",2.7,"Policy Schedule, Proposal and other related Document Printing				",0,0,"2026-04-29 10:50:01","2026-04-29 10:50:01"
2061,13,34,"2026-04-22","07:10","05:30",20,"time_based",2.7,"Policy Schedule, Proposal and other related Document Printing				",0,0,"2026-04-29 11:23:38","2026-04-29 11:23:38"
2062,13,34,"2026-04-22","07:10","05:30",159,"time_based",5.75,"Printing of one-sided CARD Printing 				",0,0,"2026-04-29 11:23:58","2026-04-29 11:23:58"
2063,13,35,"2026-04-22","08:35","06:00",20,"time_based",2.7,"Policy Schedule, Proposal and other related Document Printing				",0,0,"2026-04-29 11:24:43","2026-04-29 11:24:43"
2064,13,34,"2026-04-23","07:20","05:15",3,"time_based",2.7,"Policy Schedule, Proposal and other related Document Printing				",0,0,"2026-04-29 11:27:12","2026-04-29 11:27:12"
2065,13,34,"2026-04-23","07:20","05:15",31,"time_based",5.75,"Printing of one-sided CARD Printing 				",0,0,"2026-04-29 11:27:35","2026-04-29 11:27:35"
2066,13,34,"2026-04-23","07:20","05:15",200,"time_based",2.7,"Printing of Policy Certificate				",0,0,"2026-04-29 11:27:50","2026-04-29 11:27:50"
2067,13,35,"2026-04-23","08:45","06:00",203,"time_based",2.7,"Printing of Policy Certificate				",0,0,"2026-04-29 11:28:24","2026-04-29 11:28:24"
2068,13,34,"2026-04-24","07:08","05:00",62,"time_based",5.75,"Printing of one-sided CARD Printing 				",0,0,"2026-04-29 11:29:39","2026-04-29 11:29:39"
2069,13,34,"2026-04-24","07:08","05:00",133,"time_based",2.7,"Printing of Policy Certificate				",0,0,"2026-04-29 11:29:55","2026-04-29 11:29:55"
2070,13,35,"2026-04-24","08:50","06:00",21,"time_based",2.7,"Policy Schedule, Proposal and other related Document Printing				",0,0,"2026-04-29 11:30:29","2026-04-29 11:30:29"
2071,13,35,"2026-04-24","08:50","06:00",133,"time_based",2.7,"Printing of Policy Certificate				",0,0,"2026-04-29 11:30:40","2026-04-29 11:30:40"
2072,13,34,"2026-04-25","08:00","01:45",50,"time_based",5.75,"Printing of one-sided CARD Printing 				",0,0,"2026-04-29 11:33:06","2026-04-29 11:33:06"
2073,13,34,"2026-04-25","08:00","01:45",62,"time_based",2.7,"Printing of Policy Certificate				",0,0,"2026-04-29 11:33:16","2026-04-29 11:33:16"
2074,13,35,"2026-04-25","08:30","12:30",50,"time_based",2.7,"Printing of Policy Certificate				",0,0,"2026-04-29 11:36:16","2026-04-29 11:36:16"
2075,13,34,"2026-04-27","07:16","05:30",119,"time_based",5.75,"Printing of one-sided CARD Printing 				",0,0,"2026-04-29 11:40:39","2026-04-29 11:40:39"
2076,13,35,"2026-04-27","08:45","06:00",32,"time_based",2.7,"Policy Schedule, Proposal and other related Document Printing				",0,0,"2026-04-29 11:41:24","2026-04-29 11:41:24"
2077,13,34,"2026-04-28","07:45","05:00",7,"time_based",2.7,"Policy Schedule, Proposal and other related Document Printing				",0,0,"2026-04-29 11:44:03","2026-04-29 11:44:03"
2078,13,34,"2026-04-28","07:45","05:00",20,"time_based",5.75,"Printing of one-sided CARD Printing 				",0,0,"2026-04-29 11:44:21","2026-04-29 11:44:21"
2079,13,34,"2026-04-28","07:45","05:00",179,"time_based",2.7,"Printing of Policy Certificate				",0,0,"2026-04-29 11:44:30","2026-04-29 11:44:30"
2080,13,35,"2026-04-28","08:50","06:00",12,"time_based",2.7,"Policy Schedule, Proposal and other related Document Printing				",0,0,"2026-04-29 11:45:14","2026-04-29 11:45:14"
2081,13,35,"2026-04-28","08:50","06:00",179,"time_based",2.7,"Printing of Policy Certificate				",0,0,"2026-04-29 11:45:29","2026-04-29 11:45:29"
2082,9,24,"2026-04-02","09:10","04:15",0,"time_based",3.6,"Inserting 'C'Forms ",0,0,"2026-04-29 12:48:36","2026-04-29 12:48:36"
2091,9,25,"2026-04-02","08:04","04:15",0,"time_based",3.6,"Inserting 'C'Forms ",0,0,"2026-04-29 14:41:48","2026-04-29 14:41:48"
2092,9,31,"2026-04-02","08:20","04:15",0,"time_based",3.6,"Inserting 'C'Forms ",0,0,"2026-04-29 14:42:18","2026-04-29 14:42:18"
2093,9,32,"2026-04-02","08:20","04:15",0,"time_based",3.6,"Inserting 'C'Forms ",0,0,"2026-04-29 14:44:29","2026-04-29 14:44:29"
2094,9,33,"2026-04-02","08:37","04:15",0,"time_based",3.6,"Inserting 'C'Forms ",0,0,"2026-04-29 14:44:52","2026-04-29 14:44:52"
2095,82,141,"2026-04-28","08:32","19:30",0,"time_based",1928.57,"Staff outsourcing ",0,0,"2026-04-29 14:57:28","2026-04-29 14:57:28"
2096,28,87,"2026-04-06","","",250,"target_based",2.9,"DOCUMENT SCANNING A4          				",0,0,"2026-04-29 15:37:03","2026-04-29 15:37:03"
2097,28,87,"2026-04-07","","",225,"target_based",2.9,"DOCUMENT SCANNING A4          				",0,0,"2026-04-29 15:37:26","2026-04-29 15:37:26"
2098,28,87,"2026-04-07","","",62,"target_based",3.6,"DOCUMENT SCANNING A3             				",0,0,"2026-04-29 15:37:35","2026-04-29 15:37:35"
2099,28,87,"2026-04-08","","",115,"target_based",3.6,"DOCUMENT SCANNING A3             				",0,0,"2026-04-29 15:37:54","2026-04-29 15:37:54"
2100,28,87,"2026-04-09","","",260,"target_based",2.9,"DOCUMENT SCANNING A4          				",0,0,"2026-04-29 15:38:27","2026-04-29 15:38:27"
2101,28,87,"2026-04-10","","",325,"target_based",2.9,"DOCUMENT SCANNING A4          				",0,0,"2026-04-29 15:40:42","2026-04-29 15:40:42"
2102,28,87,"2026-04-10","","",50,"target_based",3.6,"DOCUMENT SCANNING A3             				",0,0,"2026-04-29 15:40:54","2026-04-29 15:40:54"
2103,28,87,"2026-04-15","","",195,"target_based",2.9,"DOCUMENT SCANNING A4          				",0,0,"2026-04-29 15:41:46","2026-04-29 15:41:46"
2104,28,87,"2026-04-16","","",55,"target_based",3.6,"DOCUMENT SCANNING A3             				",0,0,"2026-04-29 15:42:19","2026-04-29 15:42:19"
2105,28,87,"2026-04-17","","",142,"target_based",2.9,"DOCUMENT SCANNING A4          				",0,0,"2026-04-29 15:42:44","2026-04-29 15:42:44"
2106,28,87,"2026-04-20","","",45,"target_based",3.6,"DOCUMENT SCANNING A3             				",0,0,"2026-04-29 15:43:42","2026-04-29 15:43:42"
2107,28,87,"2026-04-21","","",110,"target_based",2.9,"DOCUMENT SCANNING A4          				",0,0,"2026-04-29 15:43:58","2026-04-29 15:43:58"
2108,28,87,"2026-04-22","","",45,"target_based",3.6,"DOCUMENT SCANNING A3             				",0,0,"2026-04-29 15:44:27","2026-04-29 15:44:27"
2109,28,87,"2026-04-23","","",120,"target_based",2.9,"DOCUMENT SCANNING A4          				",0,0,"2026-04-29 15:44:52","2026-04-29 15:44:52"
2110,28,87,"2026-04-24","","",25,"target_based",3.6,"DOCUMENT SCANNING A3             				",0,0,"2026-04-29 15:45:14","2026-04-29 15:45:14"
2111,9,241,"2026-04-02","08:10","04:15",0,"time_based",3.6,"Inserting 'C'Forms ",0,0,"2026-04-29 15:47:10","2026-04-29 15:47:10"
2112,9,242,"2026-04-02","08:10","04:15",0,"time_based",3.6,"Inserting 'C'Forms ",0,0,"2026-04-29 15:47:26","2026-04-29 15:47:26"
2113,9,243,"2026-04-02","08:10","04:15",0,"time_based",3.6,"Inserting 'C'Forms ",0,0,"2026-04-29 15:47:47","2026-04-29 15:47:47"
2114,9,24,"2026-04-06","09:15","04:15",0,"time_based",3.6,"Inserting 'C'Forms ",0,0,"2026-04-29 15:48:44","2026-04-29 15:48:44"
2115,9,25,"2026-04-06","08:40","04:15",0,"time_based",3.6,"Inserting 'C'Forms ",0,0,"2026-04-29 15:49:01","2026-04-29 15:49:01"
2116,9,31,"2026-04-06","08:15","04:15",0,"time_based",3.6,"Inserting 'C'Forms ",0,0,"2026-04-29 15:49:19","2026-04-29 15:49:19"
2117,9,32,"2026-04-06","08:15","04:15",0,"time_based",3.6,"Inserting 'C'Forms ",0,0,"2026-04-29 15:49:35","2026-04-29 15:49:35"
2118,9,33,"2026-04-06","09:00","04:15",0,"time_based",3.6,"Inserting 'C'Forms ",0,0,"2026-04-29 15:49:53","2026-04-29 15:49:53"
2119,9,241,"2026-04-06","08:25","04:15",0,"time_based",3.6,"Inserting 'C'Forms ",0,0,"2026-04-29 15:50:13","2026-04-29 15:50:13"
2128,9,32,"2026-04-07","08:45","04:15",0,"time_based",3.6,"Inserting 'C'Forms ",0,0,"2026-04-29 15:55:03","2026-04-29 15:55:03"
2129,9,33,"2026-04-07","08:55","04:15",0,"time_based",3.6,"Inserting 'C'Forms ",0,0,"2026-04-29 15:55:26","2026-04-29 15:55:26"
2122,9,243,"2026-04-06","08:25","04:15",0,"time_based",3.6,"Inserting 'C'Forms ",0,0,"2026-04-29 15:51:21","2026-04-29 15:51:21"
2123,9,242,"2026-04-06","08:25","04:15",0,"time_based",3.6,"Inserting 'C'Forms ",0,0,"2026-04-29 15:51:37","2026-04-29 15:51:37"
2130,7,18,"2026-04-18","06:15","17:30",802,"time_based",2.5,"MATHURITY A4 Images single side				",0,0,"2026-04-29 15:55:48","2026-04-29 15:55:48"
2131,9,241,"2026-04-07","08:05","04:15",0,"time_based",3.6,"Inserting 'C'Forms ",0,0,"2026-04-29 15:55:51","2026-04-29 15:55:51"
2126,9,25,"2026-04-07","08:50","04:15",0,"time_based",3.6,"Inserting 'C'Forms ",0,0,"2026-04-29 15:53:04","2026-04-29 15:53:04"
2127,9,31,"2026-04-07","08:20","04:15",0,"time_based",3.6,"Inserting 'C'Forms ",0,0,"2026-04-29 15:54:17","2026-04-29 15:54:17"
2132,9,242,"2026-04-07","08:05","04:15",0,"time_based",3.6,"Inserting 'C'Forms ",0,0,"2026-04-29 15:56:06","2026-04-29 15:56:06"
2133,9,243,"2026-04-07","08:05","04:15",0,"time_based",3.6,"Inserting 'C'Forms ",0,0,"2026-04-29 15:56:24","2026-04-29 15:56:24"
2134,7,19,"2026-04-18","08:00","18:10",1085,"time_based",2.5,"AROGYA A4 Images single side				",0,0,"2026-04-29 15:56:31","2026-04-29 15:56:31"
2135,7,20,"2026-04-18","07:30","17:30",646,"time_based",2.5,"LIFE A4  Images single side				",0,0,"2026-04-29 15:57:16","2026-04-29 15:57:16"
2136,7,21,"2026-04-18","07:30","17:30",827,"time_based",2.5,"LIFE A4  Images single side				",0,0,"2026-04-29 15:58:09","2026-04-29 15:58:09"
2137,7,20,"2026-04-19","07:30","17:30",1503,"time_based",2.5,"LIFE A4  Images single side				",0,0,"2026-04-29 16:02:17","2026-04-29 16:02:17"
2138,7,21,"2026-04-19","07:30","17:30",1501,"time_based",2.5,"LIFE A4  Images single side				",0,0,"2026-04-29 16:03:03","2026-04-29 16:03:03"
2139,7,18,"2026-04-20","06:15","17:30",1036,"time_based",2.5,"MATHURITY A4 Images single side				",0,0,"2026-04-29 16:04:31","2026-04-29 16:04:31"
2140,7,19,"2026-04-20","08:00","18:10",1025,"time_based",2.5,"AROGYA A4 Images single side				",0,0,"2026-04-29 16:05:24","2026-04-29 16:05:24"
2141,7,20,"2026-04-20","07:30","17:30",0,"time_based",2.5,"LIFE A4  Images single side				",0,0,"2026-04-29 16:06:07","2026-04-29 16:06:07"
2142,7,21,"2026-04-20","07:30","17:30",0,"time_based",2.5,"LIFE A4  Images single side				",0,0,"2026-04-29 16:07:15","2026-04-29 16:07:15"
2143,9,24,"2026-04-08","09:10","04:15",0,"time_based",3.6,"Inserting 'C'Forms ",0,0,"2026-04-29 16:11:15","2026-04-29 16:11:15"
2144,9,25,"2026-04-08","08:35","04:15",0,"time_based",3.6,"Inserting 'C'Forms ",0,0,"2026-04-29 16:11:46","2026-04-29 16:11:46"
2145,9,31,"2026-04-08","07:51","04:15",0,"time_based",3.6,"Inserting 'C'Forms ",0,0,"2026-04-29 16:12:02","2026-04-29 16:12:02"
2146,7,18,"2026-04-21","06:15","17:30",1013,"time_based",2.5,"MATHURITY A4 Images single side				",0,0,"2026-04-29 16:12:13","2026-04-29 16:12:13"
2147,9,32,"2026-04-08","08:20","04:15",0,"time_based",3.6,"Inserting 'C'Forms ",0,0,"2026-04-29 16:12:24","2026-04-29 16:12:24"
2148,9,33,"2026-04-08","08:30","04:15",0,"time_based",3.6,"Inserting 'C'Forms ",0,0,"2026-04-29 16:12:45","2026-04-29 16:12:45"
2149,7,19,"2026-04-21","08:00","18:10",1040,"time_based",2.5,"AROGYA A4 Images single side				",0,0,"2026-04-29 16:12:54","2026-04-29 16:12:54"
2150,9,241,"2026-04-08","08:08","04:15",0,"time_based",3.6,"Inserting 'C'Forms ",0,0,"2026-04-29 16:13:04","2026-04-29 16:13:04"
2151,9,242,"2026-04-08","08:08","04:15",0,"time_based",3.6,"Inserting 'C'Forms ",0,0,"2026-04-29 16:13:21","2026-04-29 16:13:21"
2152,9,243,"2026-04-08","08:08","04:15",0,"time_based",3.6,"Inserting 'C'Forms ",0,0,"2026-04-29 16:13:38","2026-04-29 16:13:38"
2153,7,20,"2026-04-21","07:30","17:30",676,"time_based",2.5,"LIFE A4  Images single side				",0,0,"2026-04-29 16:13:39","2026-04-29 16:13:39"
2154,7,21,"2026-04-21","07:30","17:30",823,"time_based",2.5,"LIFE A4  Images single side				",0,0,"2026-04-29 16:15:03","2026-04-29 16:15:03"
2155,7,18,"2026-04-22","06:15","17:30",1057,"time_based",2.5,"MATHURITY A4 Images single side				",0,0,"2026-04-29 16:15:55","2026-04-29 16:15:55"
2156,9,24,"2026-04-09","09:05","04:15",0,"time_based",3.6,"Inserting 'C'Forms ",0,0,"2026-04-29 16:16:19","2026-04-29 16:16:19"
2157,9,25,"2026-04-09","08:40","04:15",0,"time_based",3.6,"Inserting 'C'Forms ",0,0,"2026-04-29 16:16:39","2026-04-29 16:16:39"
2158,9,31,"2026-04-09","08:05","04:15",0,"time_based",3.6,"Inserting 'C'Forms ",0,0,"2026-04-29 16:17:27","2026-04-29 16:17:27"
2159,7,19,"2026-04-22","08:00","18:10",1050,"time_based",2.5,"AROGYA A4 Images single side				",0,0,"2026-04-29 16:18:16","2026-04-29 16:18:16"
2160,9,32,"2026-04-09","08:30","04:15",0,"time_based",3.6,"Inserting 'C'Forms ",0,0,"2026-04-29 16:18:45","2026-04-29 16:18:45"
2161,9,33,"2026-04-09","08:35","04:15",0,"time_based",3.6,"Inserting 'C'Forms ",0,0,"2026-04-29 16:19:26","2026-04-29 16:19:26"
2162,7,20,"2026-04-22","07:30","17:30",754,"time_based",2.5,"LIFE A4  Images single side				",0,0,"2026-04-29 16:19:55","2026-04-29 16:19:55"
2163,9,241,"2026-04-09","08:18","04:15",0,"time_based",3.6,"Inserting 'C'Forms ",0,0,"2026-04-29 16:20:00","2026-04-29 16:20:00"
2164,9,242,"2026-04-09","08:18","04:15",0,"time_based",3.6,"Inserting 'C'Forms ",0,0,"2026-04-29 16:20:21","2026-04-29 16:20:21"
2165,7,21,"2026-04-22","07:30","17:30",613,"time_based",2.5,"LIFE A4  Images single side				",0,0,"2026-04-29 16:20:27","2026-04-29 16:20:27"
